name,threads,n,run,duration
cpp11-pi,1,1,1,0.001086
openMP-pi,1,1,1,0.01128
mpi-pi,1,1,1,0.00092085
mpi-pi++,1,1,1,0.00108408
cpp11-pi,1,1,2,0.001067
openMP-pi,1,1,2,0.001916
mpi-pi,1,1,2,0.00089268
mpi-pi++,1,1,2,0.000930585
cpp11-pi,1,1,3,0.003184
openMP-pi,1,1,3,0.012234
mpi-pi,1,1,3,0.00090269
mpi-pi++,1,1,3,0.000909066
cpp11-pi,1,1,4,0.003295
openMP-pi,1,1,4,0.013365
mpi-pi,1,1,4,0.00090341
mpi-pi++,1,1,4,0.000887244
cpp11-pi,1,1,5,0.003378
openMP-pi,1,1,5,0.012741
mpi-pi,1,1,5,0.00092606
mpi-pi++,1,1,5,0.000864826
cpp11-pi,1,1,6,0.003487
openMP-pi,1,1,6,0.010051
mpi-pi,1,1,6,0.00090347
mpi-pi++,1,1,6,0.000882442
cpp11-pi,1,1,7,0.003308
openMP-pi,1,1,7,0.011258
mpi-pi,1,1,7,0.00090428
mpi-pi++,1,1,7,0.000863728
cpp11-pi,1,1,8,0.003348
openMP-pi,1,1,8,0.011291
mpi-pi,1,1,8,0.00092300
mpi-pi++,1,1,8,0.000862349
cpp11-pi,1,1,9,0.003424
openMP-pi,1,1,9,0.011857
mpi-pi,1,1,9,0.00088914
mpi-pi++,1,1,9,0.000883059
cpp11-pi,1,1,10,0.003373
openMP-pi,1,1,10,0.010285
mpi-pi,1,1,10,0.00088972
mpi-pi++,1,1,10,0.000882907
cpp11-pi,2,1,1,0.000576
openMP-pi,2,1,1,0.001417
mpi-pi,2,1,1,0.01053407
mpi-pi++,2,1,1,0.0104466
cpp11-pi,2,1,2,0.00062
openMP-pi,2,1,2,0.000962
mpi-pi,2,1,2,0.01043600
mpi-pi++,2,1,2,0.000523662
cpp11-pi,2,1,3,0.000571
openMP-pi,2,1,3,0.001193
mpi-pi,2,1,3,0.01046793
mpi-pi++,2,1,3,0.0105027
cpp11-pi,2,1,4,0.001705
openMP-pi,2,1,4,0.011485
mpi-pi,2,1,4,0.01066875
mpi-pi++,2,1,4,0.000546151
cpp11-pi,2,1,5,0.000577
openMP-pi,2,1,5,0.001266
mpi-pi,2,1,5,0.01046001
mpi-pi++,2,1,5,0.0104563
cpp11-pi,2,1,6,0.000917
openMP-pi,2,1,6,0.002136
mpi-pi,2,1,6,0.01055567
mpi-pi++,2,1,6,0.0105085
cpp11-pi,2,1,7,0.000498
openMP-pi,2,1,7,0.001408
mpi-pi,2,1,7,0.01044142
mpi-pi++,2,1,7,0.000550963
cpp11-pi,2,1,8,0.000543
openMP-pi,2,1,8,0.001262
mpi-pi,2,1,8,0.01048771
mpi-pi++,2,1,8,0.0104378
cpp11-pi,2,1,9,0.000565
openMP-pi,2,1,9,0.00139
mpi-pi,2,1,9,0.01050932
mpi-pi++,2,1,9,0.0104878
cpp11-pi,2,1,10,0.000569
openMP-pi,2,1,10,0.001217
mpi-pi,2,1,10,0.01046900
mpi-pi++,2,1,10,0.0104707
cpp11-pi,4,1,1,0.000412
openMP-pi,4,1,1,0.000832
mpi-pi,4,1,1,0.02045208
mpi-pi++,4,1,1,0.0204918
cpp11-pi,4,1,2,0.000362
openMP-pi,4,1,2,0.00091
mpi-pi,4,1,2,0.02037269
mpi-pi++,4,1,2,0.0206013
cpp11-pi,4,1,3,0.000366
openMP-pi,4,1,3,0.000668
mpi-pi,4,1,3,0.02039431
mpi-pi++,4,1,3,0.0203291
cpp11-pi,4,1,4,0.000345
openMP-pi,4,1,4,0.005653
mpi-pi,4,1,4,0.02028347
mpi-pi++,4,1,4,0.0203437
cpp11-pi,4,1,5,0.0005
openMP-pi,4,1,5,0.000835
mpi-pi,4,1,5,0.02005407
mpi-pi++,4,1,5,0.0103706
cpp11-pi,4,1,6,0.000592
openMP-pi,4,1,6,0.001788
mpi-pi,4,1,6,0.02023572
mpi-pi++,4,1,6,0.0203012
cpp11-pi,4,1,7,0.000439
openMP-pi,4,1,7,0.00461
mpi-pi,4,1,7,0.02048441
mpi-pi++,4,1,7,0.0103875
cpp11-pi,4,1,8,0.000341
openMP-pi,4,1,8,0.002748
mpi-pi,4,1,8,0.02034718
mpi-pi++,4,1,8,0.0203074
cpp11-pi,4,1,9,0.000954
openMP-pi,4,1,9,0.002065
mpi-pi,4,1,9,0.02031689
mpi-pi++,4,1,9,0.0203321
cpp11-pi,4,1,10,0.000412
openMP-pi,4,1,10,0.000894
mpi-pi,4,1,10,0.02035183
mpi-pi++,4,1,10,0.0201681
cpp11-pi,8,1,1,0.000319
openMP-pi,8,1,1,0.000668
mpi-pi,8,1,1,0.02022855
mpi-pi++,8,1,1,0.0304443
cpp11-pi,8,1,2,0.000389
openMP-pi,8,1,2,0.001041
mpi-pi,8,1,2,0.03018381
mpi-pi++,8,1,2,0.0302097
cpp11-pi,8,1,3,0.000291
openMP-pi,8,1,3,0.001272
mpi-pi,8,1,3,0.03020733
mpi-pi++,8,1,3,0.0304337
cpp11-pi,8,1,4,0.000377
openMP-pi,8,1,4,0.000696
mpi-pi,8,1,4,0.03015942
mpi-pi++,8,1,4,0.0301747
cpp11-pi,8,1,5,0.000261
openMP-pi,8,1,5,0.000658
mpi-pi,8,1,5,0.03021327
mpi-pi++,8,1,5,0.0302222
cpp11-pi,8,1,6,0.000255
openMP-pi,8,1,6,0.000554
mpi-pi,8,1,6,0.03008092
mpi-pi++,8,1,6,0.0302815
cpp11-pi,8,1,7,0.000334
openMP-pi,8,1,7,0.000666
mpi-pi,8,1,7,0.03038592
mpi-pi++,8,1,7,0.0301771
cpp11-pi,8,1,8,0.000322
openMP-pi,8,1,8,0.000499
mpi-pi,8,1,8,0.03032069
mpi-pi++,8,1,8,0.0302072
cpp11-pi,8,1,9,0.000316
openMP-pi,8,1,9,0.000703
mpi-pi,8,1,9,0.03017123
mpi-pi++,8,1,9,0.0301272
cpp11-pi,8,1,10,0.000401
openMP-pi,8,1,10,0.00175
mpi-pi,8,1,10,0.02036485
mpi-pi++,8,1,10,0.0301343
cpp11-pi,1,2,1,0.002049
openMP-pi,1,2,1,0.002495
mpi-pi,1,2,1,0.00216943
mpi-pi++,1,2,1,0.00183868
cpp11-pi,1,2,2,0.002038
openMP-pi,1,2,2,0.005433
mpi-pi,1,2,2,0.00177097
mpi-pi++,1,2,2,0.00199754
cpp11-pi,1,2,3,0.00199
openMP-pi,1,2,3,0.002232
mpi-pi,1,2,3,0.00183437
mpi-pi++,1,2,3,0.00176782
cpp11-pi,1,2,4,0.00634
openMP-pi,1,2,4,0.007393
mpi-pi,1,2,4,0.00189259
mpi-pi++,1,2,4,0.00175019
cpp11-pi,1,2,5,0.006927
openMP-pi,1,2,5,0.002365
mpi-pi,1,2,5,0.00179641
mpi-pi++,1,2,5,0.00178948
cpp11-pi,1,2,6,0.006109
openMP-pi,1,2,6,0.005758
mpi-pi,1,2,6,0.00182974
mpi-pi++,1,2,6,0.00176258
cpp11-pi,1,2,7,0.006722
openMP-pi,1,2,7,0.002723
mpi-pi,1,2,7,0.00177847
mpi-pi++,1,2,7,0.00177899
cpp11-pi,1,2,8,0.006554
openMP-pi,1,2,8,0.00729
mpi-pi,1,2,8,0.00188203
mpi-pi++,1,2,8,0.00177253
cpp11-pi,1,2,9,0.005857
openMP-pi,1,2,9,0.006584
mpi-pi,1,2,9,0.00180061
mpi-pi++,1,2,9,0.00182733
cpp11-pi,1,2,10,0.006751
openMP-pi,1,2,10,0.010344
mpi-pi,1,2,10,0.00188880
mpi-pi++,1,2,10,0.0019022
cpp11-pi,2,2,1,0.001014
openMP-pi,2,2,1,0.001674
mpi-pi,2,2,1,0.00104487
mpi-pi++,2,2,1,0.011
cpp11-pi,2,2,2,0.001044
openMP-pi,2,2,2,0.002012
mpi-pi,2,2,2,0.01113688
mpi-pi++,2,2,2,0.0111132
cpp11-pi,2,2,3,0.001222
openMP-pi,2,2,3,0.007069
mpi-pi,2,2,3,0.01108421
mpi-pi++,2,2,3,0.010972
cpp11-pi,2,2,4,0.001035
openMP-pi,2,2,4,0.001547
mpi-pi,2,2,4,0.01094477
mpi-pi++,2,2,4,0.0110507
cpp11-pi,2,2,5,0.00103
openMP-pi,2,2,5,0.001352
mpi-pi,2,2,5,0.00158195
mpi-pi++,2,2,5,0.0108322
cpp11-pi,2,2,6,0.003033
openMP-pi,2,2,6,0.005258
mpi-pi,2,2,6,0.01091926
mpi-pi++,2,2,6,0.0110221
cpp11-pi,2,2,7,0.001001
openMP-pi,2,2,7,0.002682
mpi-pi,2,2,7,0.01096562
mpi-pi++,2,2,7,0.0109276
cpp11-pi,2,2,8,0.001038
openMP-pi,2,2,8,0.002035
mpi-pi,2,2,8,0.01092014
mpi-pi++,2,2,8,0.0108352
cpp11-pi,2,2,9,0.003399
openMP-pi,2,2,9,0.002092
mpi-pi,2,2,9,0.01095147
mpi-pi++,2,2,9,0.0108718
cpp11-pi,2,2,10,0.002639
openMP-pi,2,2,10,0.005927
mpi-pi,2,2,10,0.00110406
mpi-pi++,2,2,10,0.0109475
cpp11-pi,4,2,1,0.000641
openMP-pi,4,2,1,0.001186
mpi-pi,4,2,1,0.01061518
mpi-pi++,4,2,1,0.0205345
cpp11-pi,4,2,2,0.000642
openMP-pi,4,2,2,0.000958
mpi-pi,4,2,2,0.02049818
mpi-pi++,4,2,2,0.0205262
cpp11-pi,4,2,3,0.000583
openMP-pi,4,2,3,0.000934
mpi-pi,4,2,3,0.02048085
mpi-pi++,4,2,3,0.0205027
cpp11-pi,4,2,4,0.00057
openMP-pi,4,2,4,0.000926
mpi-pi,4,2,4,0.02050901
mpi-pi++,4,2,4,0.0206334
cpp11-pi,4,2,5,0.000571
openMP-pi,4,2,5,0.001278
mpi-pi,4,2,5,0.02055587
mpi-pi++,4,2,5,0.0204846
cpp11-pi,4,2,6,0.000597
openMP-pi,4,2,6,0.000963
mpi-pi,4,2,6,0.01051334
mpi-pi++,4,2,6,0.0105206
cpp11-pi,4,2,7,0.001367
openMP-pi,4,2,7,0.002567
mpi-pi,4,2,7,0.02051515
mpi-pi++,4,2,7,0.0209253
cpp11-pi,4,2,8,0.001002
openMP-pi,4,2,8,0.001894
mpi-pi,4,2,8,0.02047874
mpi-pi++,4,2,8,0.0206083
cpp11-pi,4,2,9,0.000674
openMP-pi,4,2,9,0.000924
mpi-pi,4,2,9,0.02046083
mpi-pi++,4,2,9,0.0206015
cpp11-pi,4,2,10,0.000569
openMP-pi,4,2,10,0.001102
mpi-pi,4,2,10,0.02050592
mpi-pi++,4,2,10,0.0204881
cpp11-pi,8,2,1,0.000447
openMP-pi,8,2,1,0.000896
mpi-pi,8,2,1,0.02057885
mpi-pi++,8,2,1,0.0303366
cpp11-pi,8,2,2,0.000462
openMP-pi,8,2,2,0.000786
mpi-pi,8,2,2,0.03035144
mpi-pi++,8,2,2,0.0302318
cpp11-pi,8,2,3,0.000384
openMP-pi,8,2,3,0.001451
mpi-pi,8,2,3,0.03043476
mpi-pi++,8,2,3,0.0303033
cpp11-pi,8,2,4,0.000428
openMP-pi,8,2,4,0.000825
mpi-pi,8,2,4,0.03031276
mpi-pi++,8,2,4,0.0302588
cpp11-pi,8,2,5,0.000547
openMP-pi,8,2,5,0.000761
mpi-pi,8,2,5,0.03035848
mpi-pi++,8,2,5,0.0303628
cpp11-pi,8,2,6,0.000445
openMP-pi,8,2,6,0.00063
mpi-pi,8,2,6,0.03029175
mpi-pi++,8,2,6,0.0205224
cpp11-pi,8,2,7,0.000391
openMP-pi,8,2,7,0.000743
mpi-pi,8,2,7,0.02046328
mpi-pi++,8,2,7,0.0303502
cpp11-pi,8,2,8,0.000468
openMP-pi,8,2,8,0.0009
mpi-pi,8,2,8,0.03031799
mpi-pi++,8,2,8,0.0205072
cpp11-pi,8,2,9,0.000659
openMP-pi,8,2,9,0.000694
mpi-pi,8,2,9,0.03026478
mpi-pi++,8,2,9,0.0303523
cpp11-pi,8,2,10,0.000427
openMP-pi,8,2,10,0.000867
mpi-pi,8,2,10,0.03043641
mpi-pi++,8,2,10,0.0303563
cpp11-pi,1,4,1,0.003804
openMP-pi,1,4,1,0.004356
mpi-pi,1,4,1,0.00376185
mpi-pi++,1,4,1,0.00359852
cpp11-pi,1,4,2,0.003719
openMP-pi,1,4,2,0.004781
mpi-pi,1,4,2,0.00359737
mpi-pi++,1,4,2,0.00355879
cpp11-pi,1,4,3,0.003638
openMP-pi,1,4,3,0.00448
mpi-pi,1,4,3,0.00400111
mpi-pi++,1,4,3,0.0039081
cpp11-pi,1,4,4,0.003899
openMP-pi,1,4,4,0.006296
mpi-pi,1,4,4,0.00358904
mpi-pi++,1,4,4,0.00389664
cpp11-pi,1,4,5,0.003987
openMP-pi,1,4,5,0.009709
mpi-pi,1,4,5,0.00364928
mpi-pi++,1,4,5,0.00358665
cpp11-pi,1,4,6,0.009041
openMP-pi,1,4,6,0.012045
mpi-pi,1,4,6,0.00396778
mpi-pi++,1,4,6,0.00369579
cpp11-pi,1,4,7,0.003813
openMP-pi,1,4,7,0.004577
mpi-pi,1,4,7,0.00396799
mpi-pi++,1,4,7,0.00591087
cpp11-pi,1,4,8,0.004069
openMP-pi,1,4,8,0.01533
mpi-pi,1,4,8,0.00404304
mpi-pi++,1,4,8,0.00371063
cpp11-pi,1,4,9,0.003635
openMP-pi,1,4,9,0.004691
mpi-pi,1,4,9,0.00359184
mpi-pi++,1,4,9,0.00380506
cpp11-pi,1,4,10,0.003888
openMP-pi,1,4,10,0.00531
mpi-pi,1,4,10,0.00352287
mpi-pi++,1,4,10,0.00363978
cpp11-pi,2,4,1,0.001994
openMP-pi,2,4,1,0.002483
mpi-pi,2,4,1,0.01186077
mpi-pi++,2,4,1,0.0118704
cpp11-pi,2,4,2,0.001993
openMP-pi,2,4,2,0.002458
mpi-pi,2,4,2,0.01181809
mpi-pi++,2,4,2,0.011862
cpp11-pi,2,4,3,0.006064
openMP-pi,2,4,3,0.002886
mpi-pi,2,4,3,0.01186954
mpi-pi++,2,4,3,0.0118463
cpp11-pi,2,4,4,0.006948
openMP-pi,2,4,4,0.007338
mpi-pi,2,4,4,0.01201528
mpi-pi++,2,4,4,0.0117885
cpp11-pi,2,4,5,0.006761
openMP-pi,2,4,5,0.007993
mpi-pi,2,4,5,0.00187259
mpi-pi++,2,4,5,0.0130191
cpp11-pi,2,4,6,0.001973
openMP-pi,2,4,6,0.007942
mpi-pi,2,4,6,0.01215075
mpi-pi++,2,4,6,0.00188756
cpp11-pi,2,4,7,0.00661
openMP-pi,2,4,7,0.007086
mpi-pi,2,4,7,0.01205365
mpi-pi++,2,4,7,0.0117672
cpp11-pi,2,4,8,0.006486
openMP-pi,2,4,8,0.00789
mpi-pi,2,4,8,0.00190427
mpi-pi++,2,4,8,0.0117815
cpp11-pi,2,4,9,0.006383
openMP-pi,2,4,9,0.003746
mpi-pi,2,4,9,0.00190833
mpi-pi++,2,4,9,0.00185109
cpp11-pi,2,4,10,0.006467
openMP-pi,2,4,10,0.004247
mpi-pi,2,4,10,0.01185526
mpi-pi++,2,4,10,0.00184298
cpp11-pi,4,4,1,0.001069
openMP-pi,4,4,1,0.001756
mpi-pi,4,4,1,0.01101106
mpi-pi++,4,4,1,0.0208661
cpp11-pi,4,4,2,0.003537
openMP-pi,4,4,2,0.004761
mpi-pi,4,4,2,0.02096872
mpi-pi++,4,4,2,0.0119468
cpp11-pi,4,4,3,0.003143
openMP-pi,4,4,3,0.004638
mpi-pi,4,4,3,0.02191603
mpi-pi++,4,4,3,0.0209635
cpp11-pi,4,4,4,0.003049
openMP-pi,4,4,4,0.005137
mpi-pi,4,4,4,0.02094475
mpi-pi++,4,4,4,0.0209691
cpp11-pi,4,4,5,0.001073
openMP-pi,4,4,5,0.001296
mpi-pi,4,4,5,0.01192791
mpi-pi++,4,4,5,0.0209659
cpp11-pi,4,4,6,0.001942
openMP-pi,4,4,6,0.004837
mpi-pi,4,4,6,0.02103785
mpi-pi++,4,4,6,0.0209471
cpp11-pi,4,4,7,0.00114
openMP-pi,4,4,7,0.001819
mpi-pi,4,4,7,0.02088242
mpi-pi++,4,4,7,0.0209849
cpp11-pi,4,4,8,0.001114
openMP-pi,4,4,8,0.001478
mpi-pi,4,4,8,0.02141224
mpi-pi++,4,4,8,0.0212953
cpp11-pi,4,4,9,0.001079
openMP-pi,4,4,9,0.001472
mpi-pi,4,4,9,0.02107539
mpi-pi++,4,4,9,0.011008
cpp11-pi,4,4,10,0.003321
openMP-pi,4,4,10,0.004726
mpi-pi,4,4,10,0.01105003
mpi-pi++,4,4,10,0.021288
cpp11-pi,8,4,1,0.002533
openMP-pi,8,4,1,0.022009
mpi-pi,8,4,1,0.03074815
mpi-pi++,8,4,1,0.0306593
cpp11-pi,8,4,2,0.001022
openMP-pi,8,4,2,0.006885
mpi-pi,8,4,2,0.03092642
mpi-pi++,8,4,2,0.0310918
cpp11-pi,8,4,3,0.001033
openMP-pi,8,4,3,0.004723
mpi-pi,8,4,3,0.02107607
mpi-pi++,8,4,3,0.0307583
cpp11-pi,8,4,4,0.000646
openMP-pi,8,4,4,0.003299
mpi-pi,8,4,4,0.03053100
mpi-pi++,8,4,4,0.0307357
cpp11-pi,8,4,5,0.00104
openMP-pi,8,4,5,0.001479
mpi-pi,8,4,5,0.03064825
mpi-pi++,8,4,5,0.021179
cpp11-pi,8,4,6,0.000772
openMP-pi,8,4,6,0.001493
mpi-pi,8,4,6,0.03062961
mpi-pi++,8,4,6,0.030998
cpp11-pi,8,4,7,0.001024
openMP-pi,8,4,7,0.003619
mpi-pi,8,4,7,0.03116380
mpi-pi++,8,4,7,0.0305905
cpp11-pi,8,4,8,0.00102
openMP-pi,8,4,8,0.006754
mpi-pi,8,4,8,0.03081533
mpi-pi++,8,4,8,0.030619
cpp11-pi,8,4,9,0.000795
openMP-pi,8,4,9,0.004167
mpi-pi,8,4,9,0.03091310
mpi-pi++,8,4,9,0.0309729
cpp11-pi,8,4,10,0.000803
openMP-pi,8,4,10,0.003665
mpi-pi,8,4,10,0.03065357
mpi-pi++,8,4,10,0.0307032
cpp11-pi,1,8,1,0.007591
openMP-pi,1,8,1,0.014306
mpi-pi,1,8,1,0.00735448
mpi-pi++,1,8,1,0.00857227
cpp11-pi,1,8,2,0.007508
openMP-pi,1,8,2,0.01294
mpi-pi,1,8,2,0.00802927
mpi-pi++,1,8,2,0.00742797
cpp11-pi,1,8,3,0.007486
openMP-pi,1,8,3,0.008414
mpi-pi,1,8,3,0.00729943
mpi-pi++,1,8,3,0.00733809
cpp11-pi,1,8,4,0.00743
openMP-pi,1,8,4,0.010104
mpi-pi,1,8,4,0.00799345
mpi-pi++,1,8,4,0.00813473
cpp11-pi,1,8,5,0.008631
openMP-pi,1,8,5,0.022588
mpi-pi,1,8,5,0.00739052
mpi-pi++,1,8,5,0.00746662
cpp11-pi,1,8,6,0.007598
openMP-pi,1,8,6,0.010895
mpi-pi,1,8,6,0.00750629
mpi-pi++,1,8,6,0.00715136
cpp11-pi,1,8,7,0.00743
openMP-pi,1,8,7,0.016247
mpi-pi,1,8,7,0.00737755
mpi-pi++,1,8,7,0.00753276
cpp11-pi,1,8,8,0.00771
openMP-pi,1,8,8,0.014099
mpi-pi,1,8,8,0.00791502
mpi-pi++,1,8,8,0.00724765
cpp11-pi,1,8,9,0.0077
openMP-pi,1,8,9,0.010769
mpi-pi,1,8,9,0.00843342
mpi-pi++,1,8,9,0.0113226
cpp11-pi,1,8,10,0.007372
openMP-pi,1,8,10,0.008907
mpi-pi,1,8,10,0.00742530
mpi-pi++,1,8,10,0.00737683
cpp11-pi,2,8,1,0.004097
openMP-pi,2,8,1,0.005374
mpi-pi,2,8,1,0.00381527
mpi-pi++,2,8,1,0.0149429
cpp11-pi,2,8,2,0.003722
openMP-pi,2,8,2,0.008467
mpi-pi,2,8,2,0.01388875
mpi-pi++,2,8,2,0.013661
cpp11-pi,2,8,3,0.003875
openMP-pi,2,8,3,0.004722
mpi-pi,2,8,3,0.00365099
mpi-pi++,2,8,3,0.0139184
cpp11-pi,2,8,4,0.003862
openMP-pi,2,8,4,0.018434
mpi-pi,2,8,4,0.01384103
mpi-pi++,2,8,4,0.0138489
cpp11-pi,2,8,5,0.003875
openMP-pi,2,8,5,0.004939
mpi-pi,2,8,5,0.01379960
mpi-pi++,2,8,5,0.0136811
cpp11-pi,2,8,6,0.004129
openMP-pi,2,8,6,0.009438
mpi-pi,2,8,6,0.01381970
mpi-pi++,2,8,6,0.0138007
cpp11-pi,2,8,7,0.003721
openMP-pi,2,8,7,0.0063
mpi-pi,2,8,7,0.01383015
mpi-pi++,2,8,7,0.0142618
cpp11-pi,2,8,8,0.003876
openMP-pi,2,8,8,0.005516
mpi-pi,2,8,8,0.01412087
mpi-pi++,2,8,8,0.00388583
cpp11-pi,2,8,9,0.004009
openMP-pi,2,8,9,0.014603
mpi-pi,2,8,9,0.01388456
mpi-pi++,2,8,9,0.0138522
cpp11-pi,2,8,10,0.003837
openMP-pi,2,8,10,0.008374
mpi-pi,2,8,10,0.01373118
mpi-pi++,2,8,10,0.0136889
cpp11-pi,4,8,1,0.002084
openMP-pi,4,8,1,0.019238
mpi-pi,4,8,1,0.01212686
mpi-pi++,4,8,1,0.0220717
cpp11-pi,4,8,2,0.002198
openMP-pi,4,8,2,0.012561
mpi-pi,4,8,2,0.02270686
mpi-pi++,4,8,2,0.0219297
cpp11-pi,4,8,3,0.002153
openMP-pi,4,8,3,0.003432
mpi-pi,4,8,3,0.02211876
mpi-pi++,4,8,3,0.0219643
cpp11-pi,4,8,4,0.002639
openMP-pi,4,8,4,0.002842
mpi-pi,4,8,4,0.01394648
mpi-pi++,4,8,4,0.0219177
cpp11-pi,4,8,5,0.002034
openMP-pi,4,8,5,0.01685
mpi-pi,4,8,5,0.02287415
mpi-pi++,4,8,5,0.0226037
cpp11-pi,4,8,6,0.002083
openMP-pi,4,8,6,0.002691
mpi-pi,4,8,6,0.02206843
mpi-pi++,4,8,6,0.0225898
cpp11-pi,4,8,7,0.00205
openMP-pi,4,8,7,0.003571
mpi-pi,4,8,7,0.02272477
mpi-pi++,4,8,7,0.0219458
cpp11-pi,4,8,8,0.002136
openMP-pi,4,8,8,0.003371
mpi-pi,4,8,8,0.02191669
mpi-pi++,4,8,8,0.0227843
cpp11-pi,4,8,9,0.002059
openMP-pi,4,8,9,0.010465
mpi-pi,4,8,9,0.01198064
mpi-pi++,4,8,9,0.0225749
cpp11-pi,4,8,10,0.002151
openMP-pi,4,8,10,0.006919
mpi-pi,4,8,10,0.02201114
mpi-pi++,4,8,10,0.0119695
cpp11-pi,8,8,1,0.001986
openMP-pi,8,8,1,0.003218
mpi-pi,8,8,1,0.03117769
mpi-pi++,8,8,1,0.0310408
cpp11-pi,8,8,2,0.001978
openMP-pi,8,8,2,0.013755
mpi-pi,8,8,2,0.02224656
mpi-pi++,8,8,2,0.0312493
cpp11-pi,8,8,3,0.001979
openMP-pi,8,8,3,0.004207
mpi-pi,8,8,3,0.02151798
mpi-pi++,8,8,3,0.0314397
cpp11-pi,8,8,4,0.001463
openMP-pi,8,8,4,0.0052
mpi-pi,8,8,4,0.03116500
mpi-pi++,8,8,4,0.0312527
cpp11-pi,8,8,5,0.001554
openMP-pi,8,8,5,0.003708
mpi-pi,8,8,5,0.03179551
mpi-pi++,8,8,5,0.0311968
cpp11-pi,8,8,6,0.001966
openMP-pi,8,8,6,0.001458
mpi-pi,8,8,6,0.03130100
mpi-pi++,8,8,6,0.0324505
cpp11-pi,8,8,7,0.00198
openMP-pi,8,8,7,0.005426
mpi-pi,8,8,7,0.03126161
mpi-pi++,8,8,7,0.0316201
cpp11-pi,8,8,8,0.002012
openMP-pi,8,8,8,0.006862
mpi-pi,8,8,8,0.03106294
mpi-pi++,8,8,8,0.0310435
cpp11-pi,8,8,9,0.001114
openMP-pi,8,8,9,0.001539
mpi-pi,8,8,9,0.03143195
mpi-pi++,8,8,9,0.0310952
cpp11-pi,8,8,10,0.001241
openMP-pi,8,8,10,0.001607
mpi-pi,8,8,10,0.03125119
mpi-pi++,8,8,10,0.0213848
cpp11-pi,1,16,1,0.016028
openMP-pi,1,16,1,0.020167
mpi-pi,1,16,1,0.01580900
mpi-pi++,1,16,1,0.016303
cpp11-pi,1,16,2,0.01638
openMP-pi,1,16,2,0.023942
mpi-pi,1,16,2,0.01466017
mpi-pi++,1,16,2,0.0143149
cpp11-pi,1,16,3,0.014608
openMP-pi,1,16,3,0.015688
mpi-pi,1,16,3,0.01434819
mpi-pi++,1,16,3,0.0141937
cpp11-pi,1,16,4,0.028353
openMP-pi,1,16,4,0.017015
mpi-pi,1,16,4,0.01439294
mpi-pi++,1,16,4,0.0224682
cpp11-pi,1,16,5,0.015144
openMP-pi,1,16,5,0.017041
mpi-pi,1,16,5,0.01446382
mpi-pi++,1,16,5,0.0150881
cpp11-pi,1,16,6,0.015518
openMP-pi,1,16,6,0.03446
mpi-pi,1,16,6,0.01444075
mpi-pi++,1,16,6,0.0156829
cpp11-pi,1,16,7,0.014851
openMP-pi,1,16,7,0.020111
mpi-pi,1,16,7,0.01453366
mpi-pi++,1,16,7,0.0140535
cpp11-pi,1,16,8,0.025034
openMP-pi,1,16,8,0.017133
mpi-pi,1,16,8,0.01492103
mpi-pi++,1,16,8,0.0144332
cpp11-pi,1,16,9,0.014599
openMP-pi,1,16,9,0.01542
mpi-pi,1,16,9,0.01473991
mpi-pi++,1,16,9,0.0152477
cpp11-pi,1,16,10,0.014707
openMP-pi,1,16,10,0.015454
mpi-pi,1,16,10,0.01610128
mpi-pi++,1,16,10,0.0141323
cpp11-pi,2,16,1,0.016799
openMP-pi,2,16,1,0.012828
mpi-pi,2,16,1,0.01738041
mpi-pi++,2,16,1,0.0178376
cpp11-pi,2,16,2,0.007627
openMP-pi,2,16,2,0.012735
mpi-pi,2,16,2,0.01753236
mpi-pi++,2,16,2,0.0172043
cpp11-pi,2,16,3,0.007414
openMP-pi,2,16,3,0.00907
mpi-pi,2,16,3,0.01753961
mpi-pi++,2,16,3,0.0170813
cpp11-pi,2,16,4,0.011707
openMP-pi,2,16,4,0.010573
mpi-pi,2,16,4,0.00760157
mpi-pi++,2,16,4,0.0171193
cpp11-pi,2,16,5,0.015475
openMP-pi,2,16,5,0.020117
mpi-pi,2,16,5,0.00754096
mpi-pi++,2,16,5,0.017193
cpp11-pi,2,16,6,0.011666
openMP-pi,2,16,6,0.014578
mpi-pi,2,16,6,0.01730133
mpi-pi++,2,16,6,0.0170691
cpp11-pi,2,16,7,0.011412
openMP-pi,2,16,7,0.013826
mpi-pi,2,16,7,0.01726815
mpi-pi++,2,16,7,0.0172201
cpp11-pi,2,16,8,0.010202
openMP-pi,2,16,8,0.013288
mpi-pi,2,16,8,0.01753295
mpi-pi++,2,16,8,0.00731943
cpp11-pi,2,16,9,0.01234
openMP-pi,2,16,9,0.008541
mpi-pi,2,16,9,0.01711719
mpi-pi++,2,16,9,0.0197504
cpp11-pi,2,16,10,0.007854
openMP-pi,2,16,10,0.008937
mpi-pi,2,16,10,0.00736603
mpi-pi++,2,16,10,0.0206827
cpp11-pi,4,16,1,0.003992
openMP-pi,4,16,1,0.004367
mpi-pi,4,16,1,0.02375456
mpi-pi++,4,16,1,0.0236616
cpp11-pi,4,16,2,0.012355
openMP-pi,4,16,2,0.008774
mpi-pi,4,16,2,0.02353601
mpi-pi++,4,16,2,0.0251093
cpp11-pi,4,16,3,0.012793
openMP-pi,4,16,3,0.009215
mpi-pi,4,16,3,0.01756154
mpi-pi++,4,16,3,0.0137247
cpp11-pi,4,16,4,0.008062
openMP-pi,4,16,4,0.008669
mpi-pi,4,16,4,0.01375867
mpi-pi++,4,16,4,0.0235565
cpp11-pi,4,16,5,0.010742
openMP-pi,4,16,5,0.007988
mpi-pi,4,16,5,0.02364145
mpi-pi++,4,16,5,0.0235219
cpp11-pi,4,16,6,0.012447
openMP-pi,4,16,6,0.008387
mpi-pi,4,16,6,0.01386635
mpi-pi++,4,16,6,0.0235382
cpp11-pi,4,16,7,0.010266
openMP-pi,4,16,7,0.005242
mpi-pi,4,16,7,0.01396558
mpi-pi++,4,16,7,0.0235035
cpp11-pi,4,16,8,0.008319
openMP-pi,4,16,8,0.006783
mpi-pi,4,16,8,0.02368537
mpi-pi++,4,16,8,0.0237019
cpp11-pi,4,16,9,0.008223
openMP-pi,4,16,9,0.005258
mpi-pi,4,16,9,0.01377538
mpi-pi++,4,16,9,0.0238993
cpp11-pi,4,16,10,0.008058
openMP-pi,4,16,10,0.004983
mpi-pi,4,16,10,0.01713276
mpi-pi++,4,16,10,0.0237337
cpp11-pi,8,16,1,0.005873
openMP-pi,8,16,1,0.007948
mpi-pi,8,16,1,0.03215465
mpi-pi++,8,16,1,0.0318526
cpp11-pi,8,16,2,0.007258
openMP-pi,8,16,2,0.007796
mpi-pi,8,16,2,0.02249003
mpi-pi++,8,16,2,0.0324824
cpp11-pi,8,16,3,0.006915
openMP-pi,8,16,3,0.005434
mpi-pi,8,16,3,0.03204303
mpi-pi++,8,16,3,0.0319464
cpp11-pi,8,16,4,0.006262
openMP-pi,8,16,4,0.0088
mpi-pi,8,16,4,0.03199155
mpi-pi++,8,16,4,0.0319951
cpp11-pi,8,16,5,0.006678
openMP-pi,8,16,5,0.010559
mpi-pi,8,16,5,0.03195552
mpi-pi++,8,16,5,0.0225418
cpp11-pi,8,16,6,0.007793
openMP-pi,8,16,6,0.007957
mpi-pi,8,16,6,0.03187011
mpi-pi++,8,16,6,0.0225278
cpp11-pi,8,16,7,0.007219
openMP-pi,8,16,7,0.007278
mpi-pi,8,16,7,0.03184215
mpi-pi++,8,16,7,0.0338106
cpp11-pi,8,16,8,0.005795
openMP-pi,8,16,8,0.009799
mpi-pi,8,16,8,0.03191830
mpi-pi++,8,16,8,0.0319923
cpp11-pi,8,16,9,0.007151
openMP-pi,8,16,9,0.006651
mpi-pi,8,16,9,0.02378978
mpi-pi++,8,16,9,0.0319899
cpp11-pi,8,16,10,0.007067
openMP-pi,8,16,10,0.008909
mpi-pi,8,16,10,0.02382190
mpi-pi++,8,16,10,0.0319736
cpp11-pi,1,32,1,0.038985
openMP-pi,1,32,1,0.029746
mpi-pi,1,32,1,0.02820291
mpi-pi++,1,32,1,0.0279321
cpp11-pi,1,32,2,0.035085
openMP-pi,1,32,2,0.029641
mpi-pi,1,32,2,0.02861533
mpi-pi++,1,32,2,0.0279165
cpp11-pi,1,32,3,0.033004
openMP-pi,1,32,3,0.029549
mpi-pi,1,32,3,0.02817583
mpi-pi++,1,32,3,0.0277568
cpp11-pi,1,32,4,0.032539
openMP-pi,1,32,4,0.029554
mpi-pi,1,32,4,0.02826412
mpi-pi++,1,32,4,0.0277652
cpp11-pi,1,32,5,0.032756
openMP-pi,1,32,5,0.029543
mpi-pi,1,32,5,0.02905901
mpi-pi++,1,32,5,0.0279047
cpp11-pi,1,32,6,0.038777
openMP-pi,1,32,6,0.030048
mpi-pi,1,32,6,0.02817600
mpi-pi++,1,32,6,0.0278635
cpp11-pi,1,32,7,0.03587
openMP-pi,1,32,7,0.029685
mpi-pi,1,32,7,0.02815378
mpi-pi++,1,32,7,0.0278055
cpp11-pi,1,32,8,0.032559
openMP-pi,1,32,8,0.029566
mpi-pi,1,32,8,0.02819784
mpi-pi++,1,32,8,0.0282733
cpp11-pi,1,32,9,0.035107
openMP-pi,1,32,9,0.029569
mpi-pi,1,32,9,0.02815652
mpi-pi++,1,32,9,0.0277808
cpp11-pi,1,32,10,0.032507
openMP-pi,1,32,10,0.029649
mpi-pi,1,32,10,0.02815264
mpi-pi++,1,32,10,0.0277426
cpp11-pi,2,32,1,0.019146
openMP-pi,2,32,1,0.015653
mpi-pi,2,32,1,0.02405774
mpi-pi++,2,32,1,0.0239473
cpp11-pi,2,32,2,0.018599
openMP-pi,2,32,2,0.015312
mpi-pi,2,32,2,0.02412722
mpi-pi++,2,32,2,0.0140586
cpp11-pi,2,32,3,0.018238
openMP-pi,2,32,3,0.015481
mpi-pi,2,32,3,0.01446898
mpi-pi++,2,32,3,0.0239362
cpp11-pi,2,32,4,0.018953
openMP-pi,2,32,4,0.015839
mpi-pi,2,32,4,0.02411417
mpi-pi++,2,32,4,0.0141711
cpp11-pi,2,32,5,0.020027
openMP-pi,2,32,5,0.015835
mpi-pi,2,32,5,0.01462184
mpi-pi++,2,32,5,0.0141073
cpp11-pi,2,32,6,0.018664
openMP-pi,2,32,6,0.015569
mpi-pi,2,32,6,0.02411209
mpi-pi++,2,32,6,0.0141491
cpp11-pi,2,32,7,0.027057
openMP-pi,2,32,7,0.015494
mpi-pi,2,32,7,0.02405076
mpi-pi++,2,32,7,0.0239593
cpp11-pi,2,32,8,0.018729
openMP-pi,2,32,8,0.015047
mpi-pi,2,32,8,0.01453162
mpi-pi++,2,32,8,0.0142965
cpp11-pi,2,32,9,0.014394
openMP-pi,2,32,9,0.015424
mpi-pi,2,32,9,0.02415710
mpi-pi++,2,32,9,0.023855
cpp11-pi,2,32,10,0.023397
openMP-pi,2,32,10,0.015512
mpi-pi,2,32,10,0.02416441
mpi-pi++,2,32,10,0.0142028
cpp11-pi,4,32,1,0.010627
openMP-pi,4,32,1,0.009803
mpi-pi,4,32,1,0.02745490
mpi-pi++,4,32,1,0.0172264
cpp11-pi,4,32,2,0.019253
openMP-pi,4,32,2,0.014332
mpi-pi,4,32,2,0.01733331
mpi-pi++,4,32,2,0.0172445
cpp11-pi,4,32,3,0.019799
openMP-pi,4,32,3,0.008576
mpi-pi,4,32,3,0.01746923
mpi-pi++,4,32,3,0.0174461
cpp11-pi,4,32,4,0.011661
openMP-pi,4,32,4,0.008545
mpi-pi,4,32,4,0.01745341
mpi-pi++,4,32,4,0.0273044
cpp11-pi,4,32,5,0.011859
openMP-pi,4,32,5,0.008337
mpi-pi,4,32,5,0.02715926
mpi-pi++,4,32,5,0.0272481
cpp11-pi,4,32,6,0.019305
openMP-pi,4,32,6,0.008908
mpi-pi,4,32,6,0.01725674
mpi-pi++,4,32,6,0.0173277
cpp11-pi,4,32,7,0.012001
openMP-pi,4,32,7,0.009316
mpi-pi,4,32,7,0.01724980
mpi-pi++,4,32,7,0.0292116
cpp11-pi,4,32,8,0.015979
openMP-pi,4,32,8,0.00939
mpi-pi,4,32,8,0.02736881
mpi-pi++,4,32,8,0.0271833
cpp11-pi,4,32,9,0.019674
openMP-pi,4,32,9,0.008806
mpi-pi,4,32,9,0.02736746
mpi-pi++,4,32,9,0.0270478
cpp11-pi,4,32,10,0.011308
openMP-pi,4,32,10,0.008802
mpi-pi,4,32,10,0.01728548
mpi-pi++,4,32,10,0.0275949
cpp11-pi,8,32,1,0.008161
openMP-pi,8,32,1,0.005501
mpi-pi,8,32,1,0.03773032
mpi-pi++,8,32,1,0.0277106
cpp11-pi,8,32,2,0.008016
openMP-pi,8,32,2,0.010542
mpi-pi,8,32,2,0.03382428
mpi-pi++,8,32,2,0.0276567
cpp11-pi,8,32,3,0.011894
openMP-pi,8,32,3,0.011205
mpi-pi,8,32,3,0.02796127
mpi-pi++,8,32,3,0.0275584
cpp11-pi,8,32,4,0.007676
openMP-pi,8,32,4,0.006537
mpi-pi,8,32,4,0.02763945
mpi-pi++,8,32,4,0.0338985
cpp11-pi,8,32,5,0.011706
openMP-pi,8,32,5,0.007447
mpi-pi,8,32,5,0.03480769
mpi-pi++,8,32,5,0.0338239
cpp11-pi,8,32,6,0.011683
openMP-pi,8,32,6,0.007465
mpi-pi,8,32,6,0.03394809
mpi-pi++,8,32,6,0.0336634
cpp11-pi,8,32,7,0.009446
openMP-pi,8,32,7,0.006497
mpi-pi,8,32,7,0.02773171
mpi-pi++,8,32,7,0.0338813
cpp11-pi,8,32,8,0.012147
openMP-pi,8,32,8,0.010506
mpi-pi,8,32,8,0.02405157
mpi-pi++,8,32,8,0.0352791
cpp11-pi,8,32,9,0.008087
openMP-pi,8,32,9,0.007682
mpi-pi,8,32,9,0.03539813
mpi-pi++,8,32,9,0.0336509
cpp11-pi,8,32,10,0.008244
openMP-pi,8,32,10,0.005249
mpi-pi,8,32,10,0.03505664
mpi-pi++,8,32,10,0.0276484
cpp11-pi,1,64,1,0.07019
openMP-pi,1,64,1,0.058343
mpi-pi,1,64,1,0.05625938
mpi-pi++,1,64,1,0.0553527
cpp11-pi,1,64,2,0.060385
openMP-pi,1,64,2,0.058025
mpi-pi,1,64,2,0.05656489
mpi-pi++,1,64,2,0.0554927
cpp11-pi,1,64,3,0.060389
openMP-pi,1,64,3,0.058389
mpi-pi,1,64,3,0.05669734
mpi-pi++,1,64,3,0.0556392
cpp11-pi,1,64,4,0.060892
openMP-pi,1,64,4,0.05822
mpi-pi,1,64,4,0.05672286
mpi-pi++,1,64,4,0.0554518
cpp11-pi,1,64,5,0.060665
openMP-pi,1,64,5,0.058022
mpi-pi,1,64,5,0.05618651
mpi-pi++,1,64,5,0.056021
cpp11-pi,1,64,6,0.069653
openMP-pi,1,64,6,0.059055
mpi-pi,1,64,6,0.05742455
mpi-pi++,1,64,6,0.0560373
cpp11-pi,1,64,7,0.063131
openMP-pi,1,64,7,0.058456
mpi-pi,1,64,7,0.05652939
mpi-pi++,1,64,7,0.0562583
cpp11-pi,1,64,8,0.05762
openMP-pi,1,64,8,0.058446
mpi-pi,1,64,8,0.05702824
mpi-pi++,1,64,8,0.0559659
cpp11-pi,1,64,9,0.057333
openMP-pi,1,64,9,0.059305
mpi-pi,1,64,9,0.05675727
mpi-pi++,1,64,9,0.0558227
cpp11-pi,1,64,10,0.069587
openMP-pi,1,64,10,0.060181
mpi-pi,1,64,10,0.06393811
mpi-pi++,1,64,10,0.0568985
cpp11-pi,2,64,1,0.038321
openMP-pi,2,64,1,0.043387
mpi-pi,2,64,1,0.03830169
mpi-pi++,2,64,1,0.0383307
cpp11-pi,2,64,2,0.030632
openMP-pi,2,64,2,0.036823
mpi-pi,2,64,2,0.03922681
mpi-pi++,2,64,2,0.0392988
cpp11-pi,2,64,3,0.032151
openMP-pi,2,64,3,0.031073
mpi-pi,2,64,3,0.04004546
mpi-pi++,2,64,3,0.0425193
cpp11-pi,2,64,4,0.031697
openMP-pi,2,64,4,0.038673
mpi-pi,2,64,4,0.03193269
mpi-pi++,2,64,4,0.0399288
cpp11-pi,2,64,5,0.030538
openMP-pi,2,64,5,0.031077
mpi-pi,2,64,5,0.04292530
mpi-pi++,2,64,5,0.0383671
cpp11-pi,2,64,6,0.040557
openMP-pi,2,64,6,0.030459
mpi-pi,2,64,6,0.03874061
mpi-pi++,2,64,6,0.0382556
cpp11-pi,2,64,7,0.032817
openMP-pi,2,64,7,0.02982
mpi-pi,2,64,7,0.03871737
mpi-pi++,2,64,7,0.0391013
cpp11-pi,2,64,8,0.02926
openMP-pi,2,64,8,0.02992
mpi-pi,2,64,8,0.03858920
mpi-pi++,2,64,8,0.0384033
cpp11-pi,2,64,9,0.040322
openMP-pi,2,64,9,0.030321
mpi-pi,2,64,9,0.02882495
mpi-pi++,2,64,9,0.0379734
cpp11-pi,2,64,10,0.037845
openMP-pi,2,64,10,0.030028
mpi-pi,2,64,10,0.03847048
mpi-pi++,2,64,10,0.0378592
cpp11-pi,4,64,1,0.019173
openMP-pi,4,64,1,0.015974
mpi-pi,4,64,1,0.03497760
mpi-pi++,4,64,1,0.034293
cpp11-pi,4,64,2,0.01929
openMP-pi,4,64,2,0.017791
mpi-pi,4,64,2,0.02481569
mpi-pi++,4,64,2,0.0244884
cpp11-pi,4,64,3,0.019536
openMP-pi,4,64,3,0.016387
mpi-pi,4,64,3,0.03465781
mpi-pi++,4,64,3,0.0353882
cpp11-pi,4,64,4,0.0156
openMP-pi,4,64,4,0.023033
mpi-pi,4,64,4,0.03577773
mpi-pi++,4,64,4,0.0462811
cpp11-pi,4,64,5,0.015278
openMP-pi,4,64,5,0.016112
mpi-pi,4,64,5,0.03474255
mpi-pi++,4,64,5,0.0427083
cpp11-pi,4,64,6,0.019155
openMP-pi,4,64,6,0.015535
mpi-pi,4,64,6,0.04321162
mpi-pi++,4,64,6,0.0391095
cpp11-pi,4,64,7,0.027091
openMP-pi,4,64,7,0.016132
mpi-pi,4,64,7,0.02457475
mpi-pi++,4,64,7,0.0369955
cpp11-pi,4,64,8,0.026792
openMP-pi,4,64,8,0.015657
mpi-pi,4,64,8,0.03866554
mpi-pi++,4,64,8,0.0453861
cpp11-pi,4,64,9,0.015813
openMP-pi,4,64,9,0.02067
mpi-pi,4,64,9,0.04171530
mpi-pi++,4,64,9,0.0453295
cpp11-pi,4,64,10,0.023813
openMP-pi,4,64,10,0.016804
mpi-pi,4,64,10,0.03753888
mpi-pi++,4,64,10,0.0462025
cpp11-pi,8,64,1,0.015359
openMP-pi,8,64,1,0.016624
mpi-pi,8,64,1,0.04164465
mpi-pi++,8,64,1,0.0253691
cpp11-pi,8,64,2,0.015356
openMP-pi,8,64,2,0.017426
mpi-pi,8,64,2,0.03807376
mpi-pi++,8,64,2,0.0403292
cpp11-pi,8,64,3,0.015311
openMP-pi,8,64,3,0.021168
mpi-pi,8,64,3,0.03881447
mpi-pi++,8,64,3,0.0455247
cpp11-pi,8,64,4,0.008082
openMP-pi,8,64,4,0.008618
mpi-pi,8,64,4,0.04137649
mpi-pi++,8,64,4,0.0420918
cpp11-pi,8,64,5,0.015389
openMP-pi,8,64,5,0.009639
mpi-pi,8,64,5,0.04117459
mpi-pi++,8,64,5,0.0425773
cpp11-pi,8,64,6,0.015252
openMP-pi,8,64,6,0.016399
mpi-pi,8,64,6,0.03884406
mpi-pi++,8,64,6,0.0376789
cpp11-pi,8,64,7,0.016222
openMP-pi,8,64,7,0.009216
mpi-pi,8,64,7,0.04077629
mpi-pi++,8,64,7,0.0430396
cpp11-pi,8,64,8,0.015935
openMP-pi,8,64,8,0.017427
mpi-pi,8,64,8,0.03020227
mpi-pi++,8,64,8,0.0398707
cpp11-pi,8,64,9,0.015677
openMP-pi,8,64,9,0.024618
mpi-pi,8,64,9,0.04039083
mpi-pi++,8,64,9,0.0383406
cpp11-pi,8,64,10,0.008297
openMP-pi,8,64,10,0.008869
mpi-pi,8,64,10,0.04251048
mpi-pi++,8,64,10,0.0411924
cpp11-pi,1,128,1,0.116729
openMP-pi,1,128,1,0.120503
mpi-pi,1,128,1,0.12019563
mpi-pi++,1,128,1,0.124574
cpp11-pi,1,128,2,0.117849
openMP-pi,1,128,2,0.124416
mpi-pi,1,128,2,0.11790145
mpi-pi++,1,128,2,0.117607
cpp11-pi,1,128,3,0.130026
openMP-pi,1,128,3,0.120345
mpi-pi,1,128,3,0.11511024
mpi-pi++,1,128,3,0.115771
cpp11-pi,1,128,4,0.116574
openMP-pi,1,128,4,0.118289
mpi-pi,1,128,4,0.11554908
mpi-pi++,1,128,4,0.114068
cpp11-pi,1,128,5,0.117033
openMP-pi,1,128,5,0.118554
mpi-pi,1,128,5,0.11587337
mpi-pi++,1,128,5,0.121701
cpp11-pi,1,128,6,0.123418
openMP-pi,1,128,6,0.126829
mpi-pi,1,128,6,0.11598573
mpi-pi++,1,128,6,0.114356
cpp11-pi,1,128,7,0.117623
openMP-pi,1,128,7,0.121881
mpi-pi,1,128,7,0.12648605
mpi-pi++,1,128,7,0.115772
cpp11-pi,1,128,8,0.117035
openMP-pi,1,128,8,0.11882
mpi-pi,1,128,8,0.11716811
mpi-pi++,1,128,8,0.12066
cpp11-pi,1,128,9,0.130346
openMP-pi,1,128,9,0.118343
mpi-pi,1,128,9,0.11598437
mpi-pi++,1,128,9,0.113637
cpp11-pi,1,128,10,0.119899
openMP-pi,1,128,10,0.11885
mpi-pi,1,128,10,0.11558922
mpi-pi++,1,128,10,0.113331
cpp11-pi,2,128,1,0.065482
openMP-pi,2,128,1,0.060192
mpi-pi,2,128,1,0.05879247
mpi-pi++,2,128,1,0.067075
cpp11-pi,2,128,2,0.066192
openMP-pi,2,128,2,0.05966
mpi-pi,2,128,2,0.05774040
mpi-pi++,2,128,2,0.0668015
cpp11-pi,2,128,3,0.0707
openMP-pi,2,128,3,0.060213
mpi-pi,2,128,3,0.07003258
mpi-pi++,2,128,3,0.0670004
cpp11-pi,2,128,4,0.070542
openMP-pi,2,128,4,0.060412
mpi-pi,2,128,4,0.06167111
mpi-pi++,2,128,4,0.0668847
cpp11-pi,2,128,5,0.070815
openMP-pi,2,128,5,0.060214
mpi-pi,2,128,5,0.07031250
mpi-pi++,2,128,5,0.075934
cpp11-pi,2,128,6,0.067078
openMP-pi,2,128,6,0.071482
mpi-pi,2,128,6,0.06919713
mpi-pi++,2,128,6,0.0673653
cpp11-pi,2,128,7,0.068153
openMP-pi,2,128,7,0.059274
mpi-pi,2,128,7,0.07991472
mpi-pi++,2,128,7,0.0909983
cpp11-pi,2,128,8,0.061448
openMP-pi,2,128,8,0.060418
mpi-pi,2,128,8,0.06881236
mpi-pi++,2,128,8,0.0702295
cpp11-pi,2,128,9,0.059982
openMP-pi,2,128,9,0.063877
mpi-pi,2,128,9,0.07086843
mpi-pi++,2,128,9,0.0701112
cpp11-pi,2,128,10,0.071179
openMP-pi,2,128,10,0.061816
mpi-pi,2,128,10,0.06132968
mpi-pi++,2,128,10,0.0576674
cpp11-pi,4,128,1,0.036598
openMP-pi,4,128,1,0.031807
mpi-pi,4,128,1,0.05415909
mpi-pi++,4,128,1,0.0497862
cpp11-pi,4,128,2,0.034155
openMP-pi,4,128,2,0.031658
mpi-pi,4,128,2,0.04001330
mpi-pi++,4,128,2,0.052015
cpp11-pi,4,128,3,0.032642
openMP-pi,4,128,3,0.034549
mpi-pi,4,128,3,0.04039328
mpi-pi++,4,128,3,0.0677289
cpp11-pi,4,128,4,0.03498
openMP-pi,4,128,4,0.033292
mpi-pi,4,128,4,0.05883950
mpi-pi++,4,128,4,0.0508435
cpp11-pi,4,128,5,0.030682
openMP-pi,4,128,5,0.031006
mpi-pi,4,128,5,0.04222776
mpi-pi++,4,128,5,0.0619342
cpp11-pi,4,128,6,0.033144
openMP-pi,4,128,6,0.031988
mpi-pi,4,128,6,0.04149185
mpi-pi++,4,128,6,0.0517624
cpp11-pi,4,128,7,0.031154
openMP-pi,4,128,7,0.035985
mpi-pi,4,128,7,0.05243052
mpi-pi++,4,128,7,0.0503672
cpp11-pi,4,128,8,0.030204
openMP-pi,4,128,8,0.032011
mpi-pi,4,128,8,0.05698760
mpi-pi++,4,128,8,0.0595703
cpp11-pi,4,128,9,0.029475
openMP-pi,4,128,9,0.032062
mpi-pi,4,128,9,0.05611424
mpi-pi++,4,128,9,0.0636813
cpp11-pi,4,128,10,0.029664
openMP-pi,4,128,10,0.031527
mpi-pi,4,128,10,0.05837636
mpi-pi++,4,128,10,0.0741673
cpp11-pi,8,128,1,0.01579
openMP-pi,8,128,1,0.01713
mpi-pi,8,128,1,0.05121674
mpi-pi++,8,128,1,0.0430471
cpp11-pi,8,128,2,0.016278
openMP-pi,8,128,2,0.016693
mpi-pi,8,128,2,0.05103192
mpi-pi++,8,128,2,0.0519081
cpp11-pi,8,128,3,0.018426
openMP-pi,8,128,3,0.033154
mpi-pi,8,128,3,0.05103476
mpi-pi++,8,128,3,0.056119
cpp11-pi,8,128,4,0.030565
openMP-pi,8,128,4,0.032926
mpi-pi,8,128,4,0.05935464
mpi-pi++,8,128,4,0.0429915
cpp11-pi,8,128,5,0.015816
openMP-pi,8,128,5,0.017724
mpi-pi,8,128,5,0.05490048
mpi-pi++,8,128,5,0.0553596
cpp11-pi,8,128,6,0.024398
openMP-pi,8,128,6,0.016784
mpi-pi,8,128,6,0.05085726
mpi-pi++,8,128,6,0.0562882
cpp11-pi,8,128,7,0.039666
openMP-pi,8,128,7,0.016676
mpi-pi,8,128,7,0.04647718
mpi-pi++,8,128,7,0.0582524
cpp11-pi,8,128,8,0.033156
openMP-pi,8,128,8,0.044606
mpi-pi,8,128,8,0.04678346
mpi-pi++,8,128,8,0.046102
cpp11-pi,8,128,9,0.015723
openMP-pi,8,128,9,0.016943
mpi-pi,8,128,9,0.05417037
mpi-pi++,8,128,9,0.0559923
cpp11-pi,8,128,10,0.024265
openMP-pi,8,128,10,0.016077
mpi-pi,8,128,10,0.05177934
mpi-pi++,8,128,10,0.0465186
cpp11-pi,1,256,1,0.248439
openMP-pi,1,256,1,0.238854
mpi-pi,1,256,1,0.25418354
mpi-pi++,1,256,1,0.231734
cpp11-pi,1,256,2,0.24433
openMP-pi,1,256,2,0.270802
mpi-pi,1,256,2,0.23920015
mpi-pi++,1,256,2,0.235206
cpp11-pi,1,256,3,0.263238
openMP-pi,1,256,3,0.271186
mpi-pi,1,256,3,0.25885824
mpi-pi++,1,256,3,0.250752
cpp11-pi,1,256,4,0.255633
openMP-pi,1,256,4,0.24797
mpi-pi,1,256,4,0.23940190
mpi-pi++,1,256,4,0.245815
cpp11-pi,1,256,5,0.267445
openMP-pi,1,256,5,0.279003
mpi-pi,1,256,5,0.25260465
mpi-pi++,1,256,5,0.237943
cpp11-pi,1,256,6,0.250514
openMP-pi,1,256,6,0.261336
mpi-pi,1,256,6,0.24416188
mpi-pi++,1,256,6,0.239506
cpp11-pi,1,256,7,0.24482
openMP-pi,1,256,7,0.257249
mpi-pi,1,256,7,0.24980597
mpi-pi++,1,256,7,0.24275
cpp11-pi,1,256,8,0.249451
openMP-pi,1,256,8,0.258874
mpi-pi,1,256,8,0.26979825
mpi-pi++,1,256,8,0.247142
cpp11-pi,1,256,9,0.241889
openMP-pi,1,256,9,0.2494
mpi-pi,1,256,9,0.29686459
mpi-pi++,1,256,9,0.302415
cpp11-pi,1,256,10,0.238474
openMP-pi,1,256,10,0.258681
mpi-pi,1,256,10,0.24406683
mpi-pi++,1,256,10,0.247431
cpp11-pi,2,256,1,0.126146
openMP-pi,2,256,1,0.130106
mpi-pi,2,256,1,0.13469627
mpi-pi++,2,256,1,0.125863
cpp11-pi,2,256,2,0.122819
openMP-pi,2,256,2,0.138439
mpi-pi,2,256,2,0.13482284
mpi-pi++,2,256,2,0.129558
cpp11-pi,2,256,3,0.122397
openMP-pi,2,256,3,0.136486
mpi-pi,2,256,3,0.13346833
mpi-pi++,2,256,3,0.129281
cpp11-pi,2,256,4,0.120354
openMP-pi,2,256,4,0.127567
mpi-pi,2,256,4,0.13790121
mpi-pi++,2,256,4,0.131908
cpp11-pi,2,256,5,0.122686
openMP-pi,2,256,5,0.12668
mpi-pi,2,256,5,0.12931265
mpi-pi++,2,256,5,0.120796
cpp11-pi,2,256,6,0.120993
openMP-pi,2,256,6,0.125429
mpi-pi,2,256,6,0.13731278
mpi-pi++,2,256,6,0.129454
cpp11-pi,2,256,7,0.125281
openMP-pi,2,256,7,0.122499
mpi-pi,2,256,7,0.14817739
mpi-pi++,2,256,7,0.135434
cpp11-pi,2,256,8,0.122521
openMP-pi,2,256,8,0.12429
mpi-pi,2,256,8,0.13578196
mpi-pi++,2,256,8,0.12145
cpp11-pi,2,256,9,0.122571
openMP-pi,2,256,9,0.132716
mpi-pi,2,256,9,0.13191851
mpi-pi++,2,256,9,0.126417
cpp11-pi,2,256,10,0.123721
openMP-pi,2,256,10,0.130166
mpi-pi,2,256,10,0.13155129
mpi-pi++,2,256,10,0.140523
cpp11-pi,4,256,1,0.064956
openMP-pi,4,256,1,0.063353
mpi-pi,4,256,1,0.07515595
mpi-pi++,4,256,1,0.1045
cpp11-pi,4,256,2,0.063997
openMP-pi,4,256,2,0.067464
mpi-pi,4,256,2,0.08024990
mpi-pi++,4,256,2,0.0795663
cpp11-pi,4,256,3,0.067007
openMP-pi,4,256,3,0.066898
mpi-pi,4,256,3,0.08115919
mpi-pi++,4,256,3,0.0838438
cpp11-pi,4,256,4,0.063194
openMP-pi,4,256,4,0.066059
mpi-pi,4,256,4,0.09676836
mpi-pi++,4,256,4,0.0926742
cpp11-pi,4,256,5,0.063146
openMP-pi,4,256,5,0.065528
mpi-pi,4,256,5,0.08293318
mpi-pi++,4,256,5,0.0882496
cpp11-pi,4,256,6,0.061243
openMP-pi,4,256,6,0.065491
mpi-pi,4,256,6,0.08299812
mpi-pi++,4,256,6,0.0807736
cpp11-pi,4,256,7,0.066012
openMP-pi,4,256,7,0.062787
mpi-pi,4,256,7,0.07051695
mpi-pi++,4,256,7,0.0971965
cpp11-pi,4,256,8,0.066443
openMP-pi,4,256,8,0.067475
mpi-pi,4,256,8,0.07595214
mpi-pi++,4,256,8,0.0897965
cpp11-pi,4,256,9,0.065858
openMP-pi,4,256,9,0.069226
mpi-pi,4,256,9,0.07185090
mpi-pi++,4,256,9,0.0895419
cpp11-pi,4,256,10,0.061732
openMP-pi,4,256,10,0.067165
mpi-pi,4,256,10,0.07479348
mpi-pi++,4,256,10,0.0816111
cpp11-pi,8,256,1,0.034746
openMP-pi,8,256,1,0.038174
mpi-pi,8,256,1,0.07800757
mpi-pi++,8,256,1,0.0718586
cpp11-pi,8,256,2,0.038628
openMP-pi,8,256,2,0.069033
mpi-pi,8,256,2,0.08811065
mpi-pi++,8,256,2,0.0868686
cpp11-pi,8,256,3,0.036375
openMP-pi,8,256,3,0.069725
mpi-pi,8,256,3,0.05918261
mpi-pi++,8,256,3,0.0913345
cpp11-pi,8,256,4,0.036477
openMP-pi,8,256,4,0.075665
mpi-pi,8,256,4,0.09076562
mpi-pi++,8,256,4,0.0847033
cpp11-pi,8,256,5,0.037177
openMP-pi,8,256,5,0.069259
mpi-pi,8,256,5,0.08809779
mpi-pi++,8,256,5,0.0810787
cpp11-pi,8,256,6,0.034943
openMP-pi,8,256,6,0.069637
mpi-pi,8,256,6,0.08990350
mpi-pi++,8,256,6,0.0874512
cpp11-pi,8,256,7,0.044827
openMP-pi,8,256,7,0.074483
mpi-pi,8,256,7,0.08508864
mpi-pi++,8,256,7,0.0907005
cpp11-pi,8,256,8,0.037977
openMP-pi,8,256,8,0.071772
mpi-pi,8,256,8,0.08676697
mpi-pi++,8,256,8,0.0681694
cpp11-pi,8,256,9,0.037759
openMP-pi,8,256,9,0.068094
mpi-pi,8,256,9,0.08510472
mpi-pi++,8,256,9,0.0863412
cpp11-pi,8,256,10,0.035406
openMP-pi,8,256,10,0.074461
mpi-pi,8,256,10,0.08837897
mpi-pi++,8,256,10,0.0871348
cpp11-pi,1,512,1,0.486278
openMP-pi,1,512,1,0.518149
mpi-pi,1,512,1,0.48088860
mpi-pi++,1,512,1,0.491253
cpp11-pi,1,512,2,0.483705
openMP-pi,1,512,2,0.542163
mpi-pi,1,512,2,0.49445120
mpi-pi++,1,512,2,0.481457
cpp11-pi,1,512,3,0.492185
openMP-pi,1,512,3,0.496906
mpi-pi,1,512,3,0.48858152
mpi-pi++,1,512,3,0.473328
cpp11-pi,1,512,4,0.485955
openMP-pi,1,512,4,0.482887
mpi-pi,1,512,4,0.47873454
mpi-pi++,1,512,4,0.475224
cpp11-pi,1,512,5,0.484182
openMP-pi,1,512,5,0.484919
mpi-pi,1,512,5,0.47625168
mpi-pi++,1,512,5,0.494337
cpp11-pi,1,512,6,0.471073
openMP-pi,1,512,6,0.481752
mpi-pi,1,512,6,0.49469430
mpi-pi++,1,512,6,0.466909
cpp11-pi,1,512,7,0.490595
openMP-pi,1,512,7,0.486683
mpi-pi,1,512,7,0.51657221
mpi-pi++,1,512,7,0.46071
cpp11-pi,1,512,8,0.467376
openMP-pi,1,512,8,0.486798
mpi-pi,1,512,8,0.46520372
mpi-pi++,1,512,8,0.471595
cpp11-pi,1,512,9,0.467671
openMP-pi,1,512,9,0.479543
mpi-pi,1,512,9,0.46723009
mpi-pi++,1,512,9,0.459281
cpp11-pi,1,512,10,0.469936
openMP-pi,1,512,10,0.471508
mpi-pi,1,512,10,0.47287103
mpi-pi++,1,512,10,0.522981
cpp11-pi,2,512,1,0.275053
openMP-pi,2,512,1,0.302138
mpi-pi,2,512,1,0.25093228
mpi-pi++,2,512,1,0.242906
cpp11-pi,2,512,2,0.242909
openMP-pi,2,512,2,0.241379
mpi-pi,2,512,2,0.25583540
mpi-pi++,2,512,2,0.248959
cpp11-pi,2,512,3,0.243869
openMP-pi,2,512,3,0.267089
mpi-pi,2,512,3,0.26725682
mpi-pi++,2,512,3,0.249102
cpp11-pi,2,512,4,0.28376
openMP-pi,2,512,4,0.279112
mpi-pi,2,512,4,0.27799491
mpi-pi++,2,512,4,0.268827
cpp11-pi,2,512,5,0.246259
openMP-pi,2,512,5,0.24699
mpi-pi,2,512,5,0.24918201
mpi-pi++,2,512,5,0.245775
cpp11-pi,2,512,6,0.238038
openMP-pi,2,512,6,0.24772
mpi-pi,2,512,6,0.25209913
mpi-pi++,2,512,6,0.261074
cpp11-pi,2,512,7,0.268825
openMP-pi,2,512,7,0.270241
mpi-pi,2,512,7,0.24817810
mpi-pi++,2,512,7,0.248685
cpp11-pi,2,512,8,0.259142
openMP-pi,2,512,8,0.249262
mpi-pi,2,512,8,0.24981908
mpi-pi++,2,512,8,0.241554
cpp11-pi,2,512,9,0.235676
openMP-pi,2,512,9,0.242735
mpi-pi,2,512,9,0.24528869
mpi-pi++,2,512,9,0.273395
cpp11-pi,2,512,10,0.282153
openMP-pi,2,512,10,0.245003
mpi-pi,2,512,10,0.25198781
mpi-pi++,2,512,10,0.252162
cpp11-pi,4,512,1,0.131101
openMP-pi,4,512,1,0.1398
mpi-pi,4,512,1,0.15114177
mpi-pi++,4,512,1,0.151441
cpp11-pi,4,512,2,0.132577
openMP-pi,4,512,2,0.130699
mpi-pi,4,512,2,0.13481976
mpi-pi++,4,512,2,0.146258
cpp11-pi,4,512,3,0.133806
openMP-pi,4,512,3,0.1222
mpi-pi,4,512,3,0.14818614
mpi-pi++,4,512,3,0.148015
cpp11-pi,4,512,4,0.13031
openMP-pi,4,512,4,0.130724
mpi-pi,4,512,4,0.14968747
mpi-pi++,4,512,4,0.14381
cpp11-pi,4,512,5,0.134684
openMP-pi,4,512,5,0.125638
mpi-pi,4,512,5,0.14752241
mpi-pi++,4,512,5,0.133216
cpp11-pi,4,512,6,0.136148
openMP-pi,4,512,6,0.133359
mpi-pi,4,512,6,0.14318294
mpi-pi++,4,512,6,0.145106
cpp11-pi,4,512,7,0.130439
openMP-pi,4,512,7,0.127464
mpi-pi,4,512,7,0.14250174
mpi-pi++,4,512,7,0.160157
cpp11-pi,4,512,8,0.130234
openMP-pi,4,512,8,0.126372
mpi-pi,4,512,8,0.14676322
mpi-pi++,4,512,8,0.156051
cpp11-pi,4,512,9,0.128844
openMP-pi,4,512,9,0.128034
mpi-pi,4,512,9,0.15648986
mpi-pi++,4,512,9,0.158687
cpp11-pi,4,512,10,0.137496
openMP-pi,4,512,10,0.128986
mpi-pi,4,512,10,0.13595114
mpi-pi++,4,512,10,0.16217
cpp11-pi,8,512,1,0.070421
openMP-pi,8,512,1,0.071315
mpi-pi,8,512,1,0.12029967
mpi-pi++,8,512,1,0.116444
cpp11-pi,8,512,2,0.083665
openMP-pi,8,512,2,0.06986
mpi-pi,8,512,2,0.10840469
mpi-pi++,8,512,2,0.128887
cpp11-pi,8,512,3,0.089412
openMP-pi,8,512,3,0.070033
mpi-pi,8,512,3,0.14748435
mpi-pi++,8,512,3,0.115134
cpp11-pi,8,512,4,0.097268
openMP-pi,8,512,4,0.069993
mpi-pi,8,512,4,0.11511509
mpi-pi++,8,512,4,0.119739
cpp11-pi,8,512,5,0.09071
openMP-pi,8,512,5,0.070282
mpi-pi,8,512,5,0.11302239
mpi-pi++,8,512,5,0.1105
cpp11-pi,8,512,6,0.103378
openMP-pi,8,512,6,0.069438
mpi-pi,8,512,6,0.11437963
mpi-pi++,8,512,6,0.141783
cpp11-pi,8,512,7,0.072138
openMP-pi,8,512,7,0.070853
mpi-pi,8,512,7,0.11400769
mpi-pi++,8,512,7,0.113251
cpp11-pi,8,512,8,0.105705
openMP-pi,8,512,8,0.0726
mpi-pi,8,512,8,0.11941956
mpi-pi++,8,512,8,0.14021
cpp11-pi,8,512,9,0.068852
openMP-pi,8,512,9,0.070609
mpi-pi,8,512,9,0.13113066
mpi-pi++,8,512,9,0.112363
cpp11-pi,8,512,10,0.09829
openMP-pi,8,512,10,0.069829
mpi-pi,8,512,10,0.10407166
mpi-pi++,8,512,10,0.114507
cpp11-pi,1,1024,1,0.937051
openMP-pi,1,1024,1,0.947812
mpi-pi,1,1024,1,0.93465076
mpi-pi++,1,1024,1,0.927106
cpp11-pi,1,1024,2,0.951218
openMP-pi,1,1024,2,0.946664
mpi-pi,1,1024,2,0.93740729
mpi-pi++,1,1024,2,0.923656
cpp11-pi,1,1024,3,0.937261
openMP-pi,1,1024,3,0.953173
mpi-pi,1,1024,3,0.94825422
mpi-pi++,1,1024,3,0.923298
cpp11-pi,1,1024,4,0.952483
openMP-pi,1,1024,4,0.948271
mpi-pi,1,1024,4,0.93729335
mpi-pi++,1,1024,4,0.923182
cpp11-pi,1,1024,5,0.945607
openMP-pi,1,1024,5,0.946108
mpi-pi,1,1024,5,0.93107487
mpi-pi++,1,1024,5,0.922689
cpp11-pi,1,1024,6,0.948533
openMP-pi,1,1024,6,0.944194
mpi-pi,1,1024,6,0.92965195
mpi-pi++,1,1024,6,0.920828
cpp11-pi,1,1024,7,0.924941
openMP-pi,1,1024,7,0.940497
mpi-pi,1,1024,7,0.93477336
mpi-pi++,1,1024,7,0.916981
cpp11-pi,1,1024,8,0.941721
openMP-pi,1,1024,8,0.936954
mpi-pi,1,1024,8,0.93456121
mpi-pi++,1,1024,8,0.916314
cpp11-pi,1,1024,9,0.922922
openMP-pi,1,1024,9,0.941389
mpi-pi,1,1024,9,0.92621268
mpi-pi++,1,1024,9,0.913638
cpp11-pi,1,1024,10,0.943524
openMP-pi,1,1024,10,0.937585
mpi-pi,1,1024,10,0.92785039
mpi-pi++,1,1024,10,0.914149
cpp11-pi,2,1024,1,0.50213
openMP-pi,2,1024,1,0.47998
mpi-pi,2,1024,1,0.48429128
mpi-pi++,2,1024,1,0.473934
cpp11-pi,2,1024,2,0.472719
openMP-pi,2,1024,2,0.478647
mpi-pi,2,1024,2,0.48512631
mpi-pi++,2,1024,2,0.472634
cpp11-pi,2,1024,3,0.473793
openMP-pi,2,1024,3,0.475752
mpi-pi,2,1024,3,0.48579985
mpi-pi++,2,1024,3,0.473448
cpp11-pi,2,1024,4,0.472885
openMP-pi,2,1024,4,0.475321
mpi-pi,2,1024,4,0.48142902
mpi-pi++,2,1024,4,0.472725
cpp11-pi,2,1024,5,0.501111
openMP-pi,2,1024,5,0.478733
mpi-pi,2,1024,5,0.47463495
mpi-pi++,2,1024,5,0.472819
cpp11-pi,2,1024,6,0.473093
openMP-pi,2,1024,6,0.483296
mpi-pi,2,1024,6,0.47447000
mpi-pi++,2,1024,6,0.472851
cpp11-pi,2,1024,7,0.46906
openMP-pi,2,1024,7,0.48064
mpi-pi,2,1024,7,0.48516409
mpi-pi++,2,1024,7,0.472807
cpp11-pi,2,1024,8,0.493319
openMP-pi,2,1024,8,0.47901
mpi-pi,2,1024,8,0.46735772
mpi-pi++,2,1024,8,0.471826
cpp11-pi,2,1024,9,0.493417
openMP-pi,2,1024,9,0.476618
mpi-pi,2,1024,9,0.48553826
mpi-pi++,2,1024,9,0.472009
cpp11-pi,2,1024,10,0.472173
openMP-pi,2,1024,10,0.483518
mpi-pi,2,1024,10,0.48774463
mpi-pi++,2,1024,10,0.472966
cpp11-pi,4,1024,1,0.254538
openMP-pi,4,1024,1,0.260395
mpi-pi,4,1024,1,0.27327208
mpi-pi++,4,1024,1,0.255786
cpp11-pi,4,1024,2,0.246948
openMP-pi,4,1024,2,0.264577
mpi-pi,4,1024,2,0.26328210
mpi-pi++,4,1024,2,0.284581
cpp11-pi,4,1024,3,0.241006
openMP-pi,4,1024,3,0.243713
mpi-pi,4,1024,3,0.27598222
mpi-pi++,4,1024,3,0.252926
cpp11-pi,4,1024,4,0.24434
openMP-pi,4,1024,4,0.271808
mpi-pi,4,1024,4,0.29059680
mpi-pi++,4,1024,4,0.286488
cpp11-pi,4,1024,5,0.251608
openMP-pi,4,1024,5,0.262936
mpi-pi,4,1024,5,0.26628609
mpi-pi++,4,1024,5,0.28716
cpp11-pi,4,1024,6,0.26263
openMP-pi,4,1024,6,0.252755
mpi-pi,4,1024,6,0.28129177
mpi-pi++,4,1024,6,0.28394
cpp11-pi,4,1024,7,0.247115
openMP-pi,4,1024,7,0.260661
mpi-pi,4,1024,7,0.27511881
mpi-pi++,4,1024,7,0.266597
cpp11-pi,4,1024,8,0.253772
openMP-pi,4,1024,8,0.259394
mpi-pi,4,1024,8,0.29416598
mpi-pi++,4,1024,8,0.260953
cpp11-pi,4,1024,9,0.247543
openMP-pi,4,1024,9,0.274706
mpi-pi,4,1024,9,0.28723058
mpi-pi++,4,1024,9,0.28023
cpp11-pi,4,1024,10,0.247022
openMP-pi,4,1024,10,0.260858
mpi-pi,4,1024,10,0.27788284
mpi-pi++,4,1024,10,0.257976
cpp11-pi,8,1024,1,0.13432
openMP-pi,8,1024,1,0.141649
mpi-pi,8,1024,1,0.17825071
mpi-pi++,8,1024,1,0.174578
cpp11-pi,8,1024,2,0.178535
openMP-pi,8,1024,2,0.140954
mpi-pi,8,1024,2,0.16614307
mpi-pi++,8,1024,2,0.177753
cpp11-pi,8,1024,3,0.167919
openMP-pi,8,1024,3,0.139783
mpi-pi,8,1024,3,0.17069543
mpi-pi++,8,1024,3,0.168196
cpp11-pi,8,1024,4,0.164654
openMP-pi,8,1024,4,0.139354
mpi-pi,8,1024,4,0.18311567
mpi-pi++,8,1024,4,0.170578
cpp11-pi,8,1024,5,0.165957
openMP-pi,8,1024,5,0.13965
mpi-pi,8,1024,5,0.17096991
mpi-pi++,8,1024,5,0.161142
cpp11-pi,8,1024,6,0.166987
openMP-pi,8,1024,6,0.140289
mpi-pi,8,1024,6,0.17422173
mpi-pi++,8,1024,6,0.164109
cpp11-pi,8,1024,7,0.167749
openMP-pi,8,1024,7,0.139935
mpi-pi,8,1024,7,0.23097670
mpi-pi++,8,1024,7,0.184306
cpp11-pi,8,1024,8,0.166902
openMP-pi,8,1024,8,0.140486
mpi-pi,8,1024,8,0.16771052
mpi-pi++,8,1024,8,0.183005
cpp11-pi,8,1024,9,0.167194
openMP-pi,8,1024,9,0.140981
mpi-pi,8,1024,9,0.17595578
mpi-pi++,8,1024,9,0.209628
cpp11-pi,8,1024,10,0.162712
openMP-pi,8,1024,10,0.145576
mpi-pi,8,1024,10,0.20291878
mpi-pi++,8,1024,10,0.188703
cpp11-pi,1,2048,1,1.8571
openMP-pi,1,2048,1,1.88717
mpi-pi,1,2048,1,1.88091615
mpi-pi++,1,2048,1,1.84664
cpp11-pi,1,2048,2,1.85495
openMP-pi,1,2048,2,1.88566
mpi-pi,1,2048,2,1.86999634
mpi-pi++,1,2048,2,1.83987
cpp11-pi,1,2048,3,1.87713
openMP-pi,1,2048,3,1.88455
mpi-pi,1,2048,3,1.86389007
mpi-pi++,1,2048,3,1.83665
cpp11-pi,1,2048,4,1.88179
openMP-pi,1,2048,4,1.87702
mpi-pi,1,2048,4,1.85718517
mpi-pi++,1,2048,4,1.83293
cpp11-pi,1,2048,5,1.83194
openMP-pi,1,2048,5,1.8718
mpi-pi,1,2048,5,1.87514470
mpi-pi++,1,2048,5,1.8284
cpp11-pi,1,2048,6,1.86086
openMP-pi,1,2048,6,1.86442
mpi-pi,1,2048,6,1.85216645
mpi-pi++,1,2048,6,1.83651
cpp11-pi,1,2048,7,1.87098
openMP-pi,1,2048,7,1.86146
mpi-pi,1,2048,7,1.84639459
mpi-pi++,1,2048,7,1.82865
cpp11-pi,1,2048,8,1.82412
openMP-pi,1,2048,8,1.86145
mpi-pi,1,2048,8,1.85665576
mpi-pi++,1,2048,8,1.82711
cpp11-pi,1,2048,9,1.83551
openMP-pi,1,2048,9,1.8603
mpi-pi,1,2048,9,1.86844694
mpi-pi++,1,2048,9,1.8244
cpp11-pi,1,2048,10,1.81865
openMP-pi,1,2048,10,1.8585
mpi-pi,1,2048,10,1.85869352
mpi-pi++,1,2048,10,1.8267
cpp11-pi,2,2048,1,0.939918
openMP-pi,2,2048,1,0.94464
mpi-pi,2,2048,1,0.94425202
mpi-pi++,2,2048,1,0.936005
cpp11-pi,2,2048,2,0.916779
openMP-pi,2,2048,2,0.958251
mpi-pi,2,2048,2,0.94221370
mpi-pi++,2,2048,2,0.934174
cpp11-pi,2,2048,3,0.946548
openMP-pi,2,2048,3,0.960621
mpi-pi,2,2048,3,0.95764587
mpi-pi++,2,2048,3,0.9337
cpp11-pi,2,2048,4,0.980887
openMP-pi,2,2048,4,0.94722
mpi-pi,2,2048,4,0.94461010
mpi-pi++,2,2048,4,0.933032
cpp11-pi,2,2048,5,0.931578
openMP-pi,2,2048,5,0.957284
mpi-pi,2,2048,5,0.96374157
mpi-pi++,2,2048,5,0.924136
cpp11-pi,2,2048,6,0.946439
openMP-pi,2,2048,6,0.94822
mpi-pi,2,2048,6,0.94694473
mpi-pi++,2,2048,6,0.933226
cpp11-pi,2,2048,7,1.00686
openMP-pi,2,2048,7,1.02268
mpi-pi,2,2048,7,0.96705786
mpi-pi++,2,2048,7,0.934899
cpp11-pi,2,2048,8,0.944494
openMP-pi,2,2048,8,0.959328
mpi-pi,2,2048,8,0.95739414
mpi-pi++,2,2048,8,0.922135
cpp11-pi,2,2048,9,0.929741
openMP-pi,2,2048,9,0.959649
mpi-pi,2,2048,9,0.95316565
mpi-pi++,2,2048,9,0.932128
cpp11-pi,2,2048,10,0.938336
openMP-pi,2,2048,10,0.959782
mpi-pi,2,2048,10,0.96007700
mpi-pi++,2,2048,10,0.931285
cpp11-pi,4,2048,1,0.503273
openMP-pi,4,2048,1,0.519168
mpi-pi,4,2048,1,0.53851628
mpi-pi++,4,2048,1,0.50778
cpp11-pi,4,2048,2,0.4976
openMP-pi,4,2048,2,0.511379
mpi-pi,4,2048,2,0.55265032
mpi-pi++,4,2048,2,0.501761
cpp11-pi,4,2048,3,0.501155
openMP-pi,4,2048,3,0.52718
mpi-pi,4,2048,3,0.54022199
mpi-pi++,4,2048,3,0.484549
cpp11-pi,4,2048,4,0.523267
openMP-pi,4,2048,4,0.517765
mpi-pi,4,2048,4,0.53438496
mpi-pi++,4,2048,4,0.533644
cpp11-pi,4,2048,5,0.506983
openMP-pi,4,2048,5,0.509941
mpi-pi,4,2048,5,0.48251855
mpi-pi++,4,2048,5,0.53805
cpp11-pi,4,2048,6,0.529406
openMP-pi,4,2048,6,0.504354
mpi-pi,4,2048,6,0.52012832
mpi-pi++,4,2048,6,0.515914
cpp11-pi,4,2048,7,0.509723
openMP-pi,4,2048,7,0.488886
mpi-pi,4,2048,7,0.55123126
mpi-pi++,4,2048,7,0.533559
cpp11-pi,4,2048,8,0.505152
openMP-pi,4,2048,8,0.509766
mpi-pi,4,2048,8,0.55859141
mpi-pi++,4,2048,8,0.530208
cpp11-pi,4,2048,9,0.53315
openMP-pi,4,2048,9,0.525039
mpi-pi,4,2048,9,0.53372198
mpi-pi++,4,2048,9,0.537976
cpp11-pi,4,2048,10,0.513818
openMP-pi,4,2048,10,0.511135
mpi-pi,4,2048,10,0.55759773
mpi-pi++,4,2048,10,0.527061
cpp11-pi,8,2048,1,0.268994
openMP-pi,8,2048,1,0.2772
mpi-pi,8,2048,1,0.35556290
mpi-pi++,8,2048,1,0.309853
cpp11-pi,8,2048,2,0.302968
openMP-pi,8,2048,2,0.277832
mpi-pi,8,2048,2,0.30748155
mpi-pi++,8,2048,2,0.309183
cpp11-pi,8,2048,3,0.277117
openMP-pi,8,2048,3,0.278625
mpi-pi,8,2048,3,0.31966759
mpi-pi++,8,2048,3,0.306441
cpp11-pi,8,2048,4,0.300798
openMP-pi,8,2048,4,0.290559
mpi-pi,8,2048,4,0.29638667
mpi-pi++,8,2048,4,0.3087
cpp11-pi,8,2048,5,0.301626
openMP-pi,8,2048,5,0.278032
mpi-pi,8,2048,5,0.34649059
mpi-pi++,8,2048,5,0.306738
cpp11-pi,8,2048,6,0.299881
openMP-pi,8,2048,6,0.279164
mpi-pi,8,2048,6,0.30440969
mpi-pi++,8,2048,6,0.315657
cpp11-pi,8,2048,7,0.302571
openMP-pi,8,2048,7,0.281147
mpi-pi,8,2048,7,0.35934000
mpi-pi++,8,2048,7,0.315399
cpp11-pi,8,2048,8,0.298528
openMP-pi,8,2048,8,0.280329
mpi-pi,8,2048,8,0.31697552
mpi-pi++,8,2048,8,0.300636
cpp11-pi,8,2048,9,0.302937
openMP-pi,8,2048,9,0.285087
mpi-pi,8,2048,9,0.30442599
mpi-pi++,8,2048,9,0.323616
cpp11-pi,8,2048,10,0.309201
openMP-pi,8,2048,10,0.281616
mpi-pi,8,2048,10,0.31694731
mpi-pi++,8,2048,10,0.316948
cpp11-pi,1,4096,1,3.75979
openMP-pi,1,4096,1,3.76801
mpi-pi,1,4096,1,3.73222482
mpi-pi++,1,4096,1,3.66891
cpp11-pi,1,4096,2,3.76473
openMP-pi,1,4096,2,3.74224
mpi-pi,1,4096,2,3.70671496
mpi-pi++,1,4096,2,3.66188
cpp11-pi,1,4096,3,3.72491
openMP-pi,1,4096,3,3.72253
mpi-pi,1,4096,3,3.70332622
mpi-pi++,1,4096,3,3.64875
cpp11-pi,1,4096,4,3.67892
openMP-pi,1,4096,4,3.71385
mpi-pi,1,4096,4,3.67979199
mpi-pi++,1,4096,4,3.66092
cpp11-pi,1,4096,5,3.69455
openMP-pi,1,4096,5,3.70396
mpi-pi,1,4096,5,3.68496614
mpi-pi++,1,4096,5,3.6393
cpp11-pi,1,4096,6,3.63838
openMP-pi,1,4096,6,3.70387
mpi-pi,1,4096,6,3.68024779
mpi-pi++,1,4096,6,3.63919
cpp11-pi,1,4096,7,3.65151
openMP-pi,1,4096,7,3.70354
mpi-pi,1,4096,7,3.70332939
mpi-pi++,1,4096,7,3.63202
cpp11-pi,1,4096,8,3.68506
openMP-pi,1,4096,8,3.69646
mpi-pi,1,4096,8,3.70451596
mpi-pi++,1,4096,8,3.63809
cpp11-pi,1,4096,9,3.63897
openMP-pi,1,4096,9,3.6872
mpi-pi,1,4096,9,3.65845998
mpi-pi++,1,4096,9,3.62384
cpp11-pi,1,4096,10,3.62586
openMP-pi,1,4096,10,3.68666
mpi-pi,1,4096,10,3.70306669
mpi-pi++,1,4096,10,3.63043
cpp11-pi,2,4096,1,1.98476
openMP-pi,2,4096,1,1.90561
mpi-pi,2,4096,1,1.89253732
mpi-pi++,2,4096,1,1.87692
cpp11-pi,2,4096,2,1.88495
openMP-pi,2,4096,2,1.90914
mpi-pi,2,4096,2,1.89859798
mpi-pi++,2,4096,2,1.85004
cpp11-pi,2,4096,3,1.89
openMP-pi,2,4096,3,1.91156
mpi-pi,2,4096,3,1.87007783
mpi-pi++,2,4096,3,1.85187
cpp11-pi,2,4096,4,1.85653
openMP-pi,2,4096,4,1.88565
mpi-pi,2,4096,4,1.89542046
mpi-pi++,2,4096,4,1.85102
cpp11-pi,2,4096,5,2.02332
openMP-pi,2,4096,5,1.85563
mpi-pi,2,4096,5,1.89090518
mpi-pi++,2,4096,5,1.83933
cpp11-pi,2,4096,6,1.86908
openMP-pi,2,4096,6,1.90875
mpi-pi,2,4096,6,1.86962270
mpi-pi++,2,4096,6,1.84942
cpp11-pi,2,4096,7,1.87204
openMP-pi,2,4096,7,1.91288
mpi-pi,2,4096,7,1.90123159
mpi-pi++,2,4096,7,1.88463
cpp11-pi,2,4096,8,1.89679
openMP-pi,2,4096,8,1.90555
mpi-pi,2,4096,8,1.90728764
mpi-pi++,2,4096,8,1.86623
cpp11-pi,2,4096,9,1.87322
openMP-pi,2,4096,9,1.90968
mpi-pi,2,4096,9,1.91387387
mpi-pi++,2,4096,9,1.83905
cpp11-pi,2,4096,10,1.97815
openMP-pi,2,4096,10,1.89931
mpi-pi,2,4096,10,1.88723967
mpi-pi++,2,4096,10,1.86095
cpp11-pi,4,4096,1,0.976546
openMP-pi,4,4096,1,1.0114
mpi-pi,4,4096,1,1.00888011
mpi-pi++,4,4096,1,1.03595
cpp11-pi,4,4096,2,1.03708
openMP-pi,4,4096,2,1.02418
mpi-pi,4,4096,2,1.01070673
mpi-pi++,4,4096,2,1.01059
cpp11-pi,4,4096,3,1.00611
openMP-pi,4,4096,3,1.01491
mpi-pi,4,4096,3,1.00749224
mpi-pi++,4,4096,3,1.01398
cpp11-pi,4,4096,4,1.00393
openMP-pi,4,4096,4,1.02345
mpi-pi,4,4096,4,1.03125289
mpi-pi++,4,4096,4,1.00585
cpp11-pi,4,4096,5,1.00483
openMP-pi,4,4096,5,1.03387
mpi-pi,4,4096,5,1.01828248
mpi-pi++,4,4096,5,0.98894
cpp11-pi,4,4096,6,1.03602
openMP-pi,4,4096,6,1.01918
mpi-pi,4,4096,6,1.01230713
mpi-pi++,4,4096,6,1.00282
cpp11-pi,4,4096,7,1.04257
openMP-pi,4,4096,7,1.02932
mpi-pi,4,4096,7,1.07422879
mpi-pi++,4,4096,7,1.04982
cpp11-pi,4,4096,8,1.00632
openMP-pi,4,4096,8,1.03349
mpi-pi,4,4096,8,1.01486946
mpi-pi++,4,4096,8,1.02823
cpp11-pi,4,4096,9,1.01018
openMP-pi,4,4096,9,1.0346
mpi-pi,4,4096,9,1.01616104
mpi-pi++,4,4096,9,1.04472
cpp11-pi,4,4096,10,1.05269
openMP-pi,4,4096,10,1.01374
mpi-pi,4,4096,10,1.02147061
mpi-pi++,4,4096,10,1.02359
cpp11-pi,8,4096,1,0.576525
openMP-pi,8,4096,1,0.645691
mpi-pi,8,4096,1,0.57746552
mpi-pi++,8,4096,1,0.577564
cpp11-pi,8,4096,2,0.553554
openMP-pi,8,4096,2,0.560722
mpi-pi,8,4096,2,0.57959046
mpi-pi++,8,4096,2,0.588556
cpp11-pi,8,4096,3,0.610077
openMP-pi,8,4096,3,0.550032
mpi-pi,8,4096,3,0.91856624
mpi-pi++,8,4096,3,0.652438
cpp11-pi,8,4096,4,0.654674
openMP-pi,8,4096,4,0.621979
mpi-pi,8,4096,4,0.92049231
mpi-pi++,8,4096,4,0.597067
cpp11-pi,8,4096,5,0.601582
openMP-pi,8,4096,5,0.694125
mpi-pi,8,4096,5,0.60047678
mpi-pi++,8,4096,5,0.593855
cpp11-pi,8,4096,6,0.558171
openMP-pi,8,4096,6,0.570326
mpi-pi,8,4096,6,0.65063575
mpi-pi++,8,4096,6,0.606698
cpp11-pi,8,4096,7,0.578374
openMP-pi,8,4096,7,0.558669
mpi-pi,8,4096,7,0.62249310
mpi-pi++,8,4096,7,0.629849
cpp11-pi,8,4096,8,0.587771
openMP-pi,8,4096,8,0.562354
mpi-pi,8,4096,8,0.68166549
mpi-pi++,8,4096,8,0.627942
cpp11-pi,8,4096,9,0.584657
openMP-pi,8,4096,9,0.559218
mpi-pi,8,4096,9,0.55967943
mpi-pi++,8,4096,9,0.618392
cpp11-pi,8,4096,10,0.58242
openMP-pi,8,4096,10,0.56111
mpi-pi,8,4096,10,0.60250094
mpi-pi++,8,4096,10,0.628563
cpp11-pi,1,8192,1,7.3351
openMP-pi,1,8192,1,7.46156
mpi-pi,1,8192,1,7.42713815
mpi-pi++,1,8192,1,7.30797
cpp11-pi,1,8192,2,7.39382
openMP-pi,1,8192,2,7.41378
mpi-pi,1,8192,2,7.39921207
mpi-pi++,1,8192,2,7.29653
cpp11-pi,1,8192,3,7.41228
openMP-pi,1,8192,3,7.40029
mpi-pi,1,8192,3,7.40466288
mpi-pi++,1,8192,3,7.27329
cpp11-pi,1,8192,4,7.2275
openMP-pi,1,8192,4,7.37555
mpi-pi,1,8192,4,7.37351730
mpi-pi++,1,8192,4,7.2639
cpp11-pi,1,8192,5,7.37684
openMP-pi,1,8192,5,7.36415
mpi-pi,1,8192,5,7.38120746
mpi-pi++,1,8192,5,7.25898
cpp11-pi,1,8192,6,7.22882
openMP-pi,1,8192,6,7.36476
mpi-pi,1,8192,6,7.37995579
mpi-pi++,1,8192,6,7.25022
cpp11-pi,1,8192,7,7.30673
openMP-pi,1,8192,7,7.35234
mpi-pi,1,8192,7,7.35402626
mpi-pi++,1,8192,7,7.23787
cpp11-pi,1,8192,8,7.36524
openMP-pi,1,8192,8,7.34574
mpi-pi,1,8192,8,7.31651927
mpi-pi++,1,8192,8,7.25791
cpp11-pi,1,8192,9,7.22726
openMP-pi,1,8192,9,7.34973
mpi-pi,1,8192,9,7.33207845
mpi-pi++,1,8192,9,7.23681
cpp11-pi,1,8192,10,7.22668
openMP-pi,1,8192,10,7.34549
mpi-pi,1,8192,10,7.31382248
mpi-pi++,1,8192,10,7.23452
cpp11-pi,2,8192,1,3.72609
openMP-pi,2,8192,1,3.7601
mpi-pi,2,8192,1,3.74700664
mpi-pi++,2,8192,1,3.6788
cpp11-pi,2,8192,2,3.75279
openMP-pi,2,8192,2,3.75241
mpi-pi,2,8192,2,3.78453387
mpi-pi++,2,8192,2,3.6796
cpp11-pi,2,8192,3,3.80965
openMP-pi,2,8192,3,3.77384
mpi-pi,2,8192,3,3.75822417
mpi-pi++,2,8192,3,3.74093
cpp11-pi,2,8192,4,3.84892
openMP-pi,2,8192,4,3.96666
mpi-pi,2,8192,4,3.99579855
mpi-pi++,2,8192,4,3.76019
cpp11-pi,2,8192,5,4.13795
openMP-pi,2,8192,5,3.88515
mpi-pi,2,8192,5,3.91288401
mpi-pi++,2,8192,5,3.73408
cpp11-pi,2,8192,6,3.77554
openMP-pi,2,8192,6,3.87839
mpi-pi,2,8192,6,3.77658126
mpi-pi++,2,8192,6,3.7868
cpp11-pi,2,8192,7,3.73488
openMP-pi,2,8192,7,3.78195
mpi-pi,2,8192,7,3.79937318
mpi-pi++,2,8192,7,3.75469
cpp11-pi,2,8192,8,3.87069
openMP-pi,2,8192,8,3.78692
mpi-pi,2,8192,8,3.77363802
mpi-pi++,2,8192,8,3.69802
cpp11-pi,2,8192,9,3.73561
openMP-pi,2,8192,9,3.77405
mpi-pi,2,8192,9,3.78265153
mpi-pi++,2,8192,9,3.69363
cpp11-pi,2,8192,10,3.74953
openMP-pi,2,8192,10,3.85209
mpi-pi,2,8192,10,3.77386636
mpi-pi++,2,8192,10,3.71773
cpp11-pi,4,8192,1,2.07147
openMP-pi,4,8192,1,2.05923
mpi-pi,4,8192,1,2.08196688
mpi-pi++,4,8192,1,1.98031
cpp11-pi,4,8192,2,1.89347
openMP-pi,4,8192,2,2.05965
mpi-pi,4,8192,2,2.01811504
mpi-pi++,4,8192,2,2.01383
cpp11-pi,4,8192,3,2.11939
openMP-pi,4,8192,3,2.02981
mpi-pi,4,8192,3,2.09537362
mpi-pi++,4,8192,3,2.07391
cpp11-pi,4,8192,4,2.00536
openMP-pi,4,8192,4,2.06713
mpi-pi,4,8192,4,2.11041897
mpi-pi++,4,8192,4,1.98624
cpp11-pi,4,8192,5,2.01077
openMP-pi,4,8192,5,1.93276
mpi-pi,4,8192,5,2.09070421
mpi-pi++,4,8192,5,2.00022
cpp11-pi,4,8192,6,2.0123
openMP-pi,4,8192,6,1.93862
mpi-pi,4,8192,6,1.91067217
mpi-pi++,4,8192,6,1.98817
cpp11-pi,4,8192,7,2.03959
openMP-pi,4,8192,7,2.08111
mpi-pi,4,8192,7,2.06667777
mpi-pi++,4,8192,7,2.0726
cpp11-pi,4,8192,8,2.02542
openMP-pi,4,8192,8,2.04701
mpi-pi,4,8192,8,2.03389108
mpi-pi++,4,8192,8,2.00982
cpp11-pi,4,8192,9,2.04124
openMP-pi,4,8192,9,2.12255
mpi-pi,4,8192,9,2.01693796
mpi-pi++,4,8192,9,1.99044
cpp11-pi,4,8192,10,2.14565
openMP-pi,4,8192,10,2.04377
mpi-pi,4,8192,10,2.03505772
mpi-pi++,4,8192,10,2.00896
cpp11-pi,8,8192,1,1.08414
openMP-pi,8,8192,1,1.10675
mpi-pi,8,8192,1,1.15001686
mpi-pi++,8,8192,1,1.11091
cpp11-pi,8,8192,2,1.11661
openMP-pi,8,8192,2,1.11092
mpi-pi,8,8192,2,1.13052290
mpi-pi++,8,8192,2,1.1391
cpp11-pi,8,8192,3,1.10038
openMP-pi,8,8192,3,1.11898
mpi-pi,8,8192,3,1.12956510
mpi-pi++,8,8192,3,1.0939
cpp11-pi,8,8192,4,1.12314
openMP-pi,8,8192,4,1.11357
mpi-pi,8,8192,4,1.11721795
mpi-pi++,8,8192,4,1.1056
cpp11-pi,8,8192,5,1.12189
openMP-pi,8,8192,5,1.1154
mpi-pi,8,8192,5,1.13628317
mpi-pi++,8,8192,5,1.14723
cpp11-pi,8,8192,6,1.12451
openMP-pi,8,8192,6,1.12332
mpi-pi,8,8192,6,1.12872440
mpi-pi++,8,8192,6,1.11975
cpp11-pi,8,8192,7,1.13511
openMP-pi,8,8192,7,1.11651
mpi-pi,8,8192,7,1.14496887
mpi-pi++,8,8192,7,1.11028
cpp11-pi,8,8192,8,1.1256
openMP-pi,8,8192,8,1.11989
mpi-pi,8,8192,8,1.13228990
mpi-pi++,8,8192,8,1.11386
cpp11-pi,8,8192,9,1.12435
openMP-pi,8,8192,9,1.1234
mpi-pi,8,8192,9,1.14445195
mpi-pi++,8,8192,9,1.11098
cpp11-pi,8,8192,10,1.13207
openMP-pi,8,8192,10,1.12301
mpi-pi,8,8192,10,1.10405343
mpi-pi++,8,8192,10,1.13588
