name,slurm_node,vectorization,randomness,run_id,nodes,cpus,tasks_per_node,width,height,rounds,size,threads,core_duration,core_duration_per_cell,top_bottom_duration,top_bottom_duration_per_cell,calculation_duration,calculation_duration_per_cell,communication_duration,total_duration,render_duration,images
lgca-10000,lxbk1029,avx512,fake,20036623,1,48,1,10000,10000,1000,1,1,22.745999606,0.22750549715943189,0.235632137,11.78160685,22.981631743,0.22981631743,0.00020126,22.981833003,0,0
lgca-10000-avx2,lxbk1029,avx2,fake,20036623,1,48,1,10000,10000,1000,1,1,33.136434207,0.3314306281956391,0.245604842,12.2802421,33.382039049,0.33382039049,0.000239378,33.382278427,0,0
lgca-10000-real,lxbk1029,avx512,real,20036623,1,48,1,10000,10000,1000,1,1,417.706180855,4.177897388027605,0.239964055,11.99820275,417.94614491,4.1794614491,0.00022835,417.94637326,0,0
lgca-10000,lxbk1029,avx512,fake,20036623,1,48,1,10000,10000,1000,1,2,11.384989392,0.11387266845369073,0.234151664,11.7075832,11.619141056,0.11619141056,0.000296129,11.619437185,0,0
lgca-10000-avx2,lxbk1029,avx2,fake,20036623,1,48,1,10000,10000,1000,1,2,16.619809281,0.16623133907781554,0.241516943,12.07584715,16.861326224,0.16861326223999998,0.000290843,16.861617067,0,0
lgca-10000-real,lxbk1029,avx512,real,20036623,1,48,1,10000,10000,1000,1,2,213.436987164,2.1347968310062013,0.235239076,11.7619538,213.67222624,2.1367222624,0.00029209,213.67251833,0,0
lgca-10000,lxbk1029,avx512,fake,20036623,1,48,1,10000,10000,1000,1,4,6.432147112,0.06433433798759752,0.229805183,11.49025915,6.661952295,0.06661952295,0.000228755,6.66218105,0,0
lgca-10000-avx2,lxbk1029,avx2,fake,20036623,1,48,1,10000,10000,1000,1,4,8.584956101,0.08586673435687137,0.228985288,11.4492644,8.813941389,0.08813941389,0.000259417,8.814200806,0,0
lgca-10000-real,lxbk1029,avx512,real,20036623,1,48,1,10000,10000,1000,1,4,109.231703815,1.0925355452590517,0.224027594,11.2013797,109.455731409,1.09455731409,0.000354727,109.456086136,0,0
lgca-10000,lxbk1029,avx512,fake,20036623,1,48,1,10000,10000,1000,1,8,3.599364801,0.036000848179635926,0.207614384,10.3807192,3.806979185,0.03806979185,0.00018728,3.807166465,0,0
lgca-10000-avx2,lxbk1029,avx2,fake,20036623,1,48,1,10000,10000,1000,1,8,4.440365333,0.044412535837167436,0.127133964,6.356698199999999,4.567499297,0.04567499297,0.000140262,4.567639559,0,0
lgca-10000-real,lxbk1029,avx512,real,20036623,1,48,1,10000,10000,1000,1,8,57.351266879,0.5736273942688538,0.225225489,11.26127445,57.576492368,0.57576492368,0.000236045,57.576728413,0,0
lgca-10000,lxbk1029,avx512,fake,20036623,1,48,1,10000,10000,1000,1,16,2.915856479,0.029164397669533906,0.213275454,10.6637727,3.129131933,0.03129131933,0.000196151,3.129328084,0,0
lgca-10000-avx2,lxbk1029,avx2,fake,20036623,1,48,1,10000,10000,1000,1,16,2.852339192,0.02852909773954791,0.207645394,10.3822697,3.059984586,0.03059984586,0.000237547,3.060222133,0,0
lgca-10000-real,lxbk1029,avx512,real,20036623,1,48,1,10000,10000,1000,1,16,30.325740292,0.3033180665333067,0.181836058,9.0918029,30.50757635,0.3050757635,0.000200175,30.507776525,0,0
lgca-10000,lxbk1029,avx512,fake,20036623,1,48,1,10000,10000,1000,1,24,2.906100974,0.029066823104620925,0.19202593,9.6012965,3.098126904,0.03098126904,0.000226077,3.098352981,0,0
lgca-10000-avx2,lxbk1029,avx2,fake,20036623,1,48,1,10000,10000,1000,1,24,2.885384766,0.028859619583916783,0.18674893,9.3374465,3.072133696,0.03072133696,0.000246051,3.072379747,0,0
lgca-10000-real,lxbk1029,avx512,real,20036623,1,48,1,10000,10000,1000,1,24,20.487182283,0.20491280539107823,0.130883517,6.54417585,20.6180658,0.206180658,0.000232665,20.618298465,0,0
lgca-10000,lxbk1029,avx512,fake,20036623,1,48,1,10000,10000,1000,1,32,2.890220084,0.028907982436487296,0.131452174,6.5726087,3.021672258,0.03021672258,0.000214807,3.021887065,0,0
lgca-10000-avx2,lxbk1029,avx2,fake,20036623,1,48,1,10000,10000,1000,1,32,2.8851326630000003,0.02885709804960993,0.193577207,9.67886035,3.07870987,0.0307870987,0.000259774,3.078969644,0,0
lgca-10000-real,lxbk1029,avx512,real,20036623,1,48,1,10000,10000,1000,1,32,15.578129639,0.15581245888177636,0.233901909,11.69509545,15.812031548,0.15812031548,0.000179617,15.812211165,0,0
lgca-10000,lxbk1029,avx512,fake,20036623,1,48,1,10000,10000,1000,1,40,3.033247089,0.030338538597719542,0.173332914,8.6666457,3.206580003,0.03206580003,0.000207509,3.206787512,0,0
lgca-10000-avx2,lxbk1029,avx2,fake,20036623,1,48,1,10000,10000,1000,1,40,2.951035605,0.029516259301860373,0.209533166,10.4766583,3.160568771,0.03160568771,0.000317462,3.160886233,0,0
lgca-10000-real,lxbk1029,avx512,real,20036623,1,48,1,10000,10000,1000,1,40,12.640504867,0.1264303347369474,0.165912439,8.29562195,12.806417306,0.12806417306,0.000292144,12.80670945,0,0
lgca-10000,lxbk1029,avx512,fake,20036623,1,48,1,10000,10000,1000,1,48,2.8227158279999998,0.028232804840968188,0.200434652,10.0217326,3.02315048,0.0302315048,0.000271487,3.023421967,0,0
lgca-10000-avx2,lxbk1029,avx2,fake,20036623,1,48,1,10000,10000,1000,1,48,2.910541975,0.02911124199839968,0.13961529,6.9807645,3.050157265,0.03050157265,0.000299656,3.050456921,0,0
lgca-10000-real,lxbk1029,avx512,real,20036623,1,48,1,10000,10000,1000,1,48,10.810740157,0.1081290273754751,0.139477115,6.97385575,10.950217272,0.10950217272,0.000423667,10.950640939,0,0
lgca-10000,lxbk1029,avx512,fake,20036623,1,48,1,10000,10000,1000,1,96,3.108691909,0.031093137717543507,0.156159207,7.80796035,3.264851116,0.03264851116,0.000677731,3.265528847,0,0
lgca-10000-avx2,lxbk1029,avx2,fake,20036623,1,48,1,10000,10000,1000,1,96,3.053191497,0.030538022574514902,0.139292327,6.96461635,3.192483824,0.03192483824,0.000747014,3.193230838,0,0
lgca-10000-real,lxbk1029,avx512,real,20036623,1,48,1,10000,10000,1000,1,96,8.901289788,0.08903070402080417,0.155238367,7.76191835,9.056528155,0.09056528155,0.000844191,9.057372346,0,0
lgca-100,lxbk1029,avx512,fake,20036623,1,48,1,100,100,1000,1,48,0.059154741,6.03619806122449,0.002879589,14.397945,0.06203433,6.203433,0.000074618,0.062108948,0,0
lgca-1000,lxbk1029,avx512,fake,20036623,1,48,1,1000,1000,1000,1,48,0.13515122,0.13542206412825653,0.018036175,9.0180875,0.153187395,0.153187395,0.000075635,0.15326303,0,0
lgca-10000,lxbk1029,avx512,fake,20036623,1,48,1,10000,10000,1000,1,48,3.052804795,0.030534154780956193,0.141064104,7.0532052,3.193868899,0.03193868899,0.000425708,3.194294607,0,0
lgca-10000,lxbk1029,avx512,fake,20036623,1,24,2,10000,5000,1000,2,24,1.109675902,0.01110119949979992,0.060659959,1.516498975,1.170335861,0.01170335861,0.043451189,1.21378705,0,0
lgca-10000,lxbk1029,avx512,fake,20036623,1,16,3,10000,3334,1000,3,16,0.80858383,0.008089073929571828,0.070584245,1.1764040833333334,0.879168075,0.008789922765446911,0.817459859,1.696627934,0,0
lgca-10000,lxbk1029,avx512,fake,20036623,1,12,4,10000,2500,1000,4,12,1.003240512,0.010040437469975983,0.066869636,0.8358704499999999,1.070110148,0.01070110148,0.054693339,1.124803487,0,0
lgca-10000,lxbk1029,avx512,fake,20036623,1,8,6,10000,1668,1000,6,8,0.95739405,0.009577771608643457,0.110081624,0.9173468666666666,1.067475674,0.010666223760991207,0.018908012,1.086383686,0,0
lgca-10000,lxbk1029,avx512,fake,20036623,1,6,8,10000,1250,1000,8,6,0.938156047,0.009396595022035256,0.075037748,0.468985925,1.013193795,0.010131937950000001,0.064481702,1.077675497,0,0
lgca-10000,lxbk1029,avx512,fake,20036623,1,4,12,10000,834,1000,12,4,0.932900094,0.00934395126201923,0.083257348,0.3469056166666667,1.016157442,0.01015345165867306,0.079352718,1.09551016,0,0
lgca-10000,lxbk1029,avx512,fake,20036623,1,2,24,10000,418,1000,24,2,0.870000928,0.008713951602564102,0.091689077,0.19101891041666666,0.961690005,0.00958622413277512,0.195422333,1.157112338,0,0
lgca-100000,lxbk1029,avx512,fake,20036623,1,48,1,100000,100000,1000,1,48,293.767748221,0.029377362369347387,0.90596548,4.5298274,294.673713701,0.0294673713701,0.000764173,294.674477874,0,0
lgca-10000,lxbk1029,avx512,fake,20036623,1,1,48,10000,210,1000,48,1,0.887702944,0.008891255448717949,0.066220733,0.06897993020833335,0.953923677,0.009463528541666667,0.074505237,1.028428914,0,0
lgca-100,lxbk1029,avx512,fake,20036604,2,48,1,100,50,1000,2,48,0.075959748,7.91247375,0.001497291,3.7432275,0.077457039,7.7457039,0.036106593,0.113563632,0,0
lgca-1000,lxbk1029,avx512,fake,20036604,2,48,1,1000,500,1000,2,48,0.120587024,0.1210713092369478,0.01049102,2.622755,0.131078044,0.131078044,0.037487882,0.168565926,0,0
lgca-10000,lxbk1029,avx512,fake,20036604,2,48,1,10000,5000,1000,2,48,1.317535787,0.01318063012204882,0.097953955,2.448848875,1.415489742,0.01415489742,0.083227134,1.498716876,0,0
lgca-10000,lxbk1029,avx512,fake,20036604,2,24,2,10000,2500,1000,4,24,0.333109844,0.0033337654523618895,0.067843286,0.848041075,0.40095313,0.0040095313,0.021846359,0.422799489,0,0
lgca-10000,lxbk1029,avx512,fake,20036604,2,16,3,10000,1668,1000,6,16,0.329796786,0.003299287575030012,0.063159993,0.526333275,0.392956779,0.003926426648681055,0.263074504,0.656031283,0,0
lgca-10000,lxbk1029,avx512,fake,20036604,2,12,4,10000,1250,1000,8,12,0.293835444,0.0029430633413461537,0.070716286,0.4419767875,0.36455173,0.0036455173,0.032349195,0.396900925,0,0
lgca-10000,lxbk1029,avx512,fake,20036604,2,8,6,10000,834,1000,12,8,0.276847628,0.002772912940705128,0.065309509,0.27212295416666665,0.342157137,0.0034188363009592325,0.034020147,0.376177284,0,0
lgca-10000,lxbk1029,avx512,fake,20036604,2,6,8,10000,626,1000,16,6,0.292258369,0.0029272673177083335,0.075188131,0.234962909375,0.3674465,0.003668595247603834,0.033606839,0.401053339,0,0
lgca-10000,lxbk1029,avx512,fake,20036604,2,4,12,10000,418,1000,24,4,0.267392336,0.002678208493589744,0.066073047,0.13765218124999998,0.333465383,0.003324016975677831,0.048682463,0.382147846,0,0
lgca-10000,lxbk1029,avx512,fake,20036604,2,2,24,10000,210,1000,48,2,0.380188483,0.003807977594150641,0.083749704,0.087239275,0.463938187,0.004602561378968254,0.040903505,0.504841692,0,0
lgca-100000,lxbk1029,avx512,fake,20036604,2,48,1,100000,50000,1000,2,48,134.291653714,0.01342970255950238,0.513427877,1.2835696925000002,134.805081591,0.0134805081591,3.028425349,137.83350694,0,0
lgca-10000,lxbk1029,avx512,fake,20036604,2,1,48,10000,106,1000,96,1,0.253436483,0.002538426312099359,0.057641341,0.030021531770833332,0.311077824,0.0030569754716981133,0.029408813,0.340486637,0,0
lgca-100,lxbk1029,avx512,fake,20036609,2,48,1,100,50,1000,2,48,0.069644523,7.2546378125,0.001446464,3.61616,0.071090987,7.1090987,0.028836812,0.099927799,0,0
lgca-1000,lxbk1029,avx512,fake,20036609,2,48,1,1000,500,1000,2,48,0.105765247,0.10619000702811245,0.009344552,2.336138,0.115109799,0.115109799,0.022933053,0.138042852,0,0
lgca-10000,lxbk1029,avx512,fake,20036609,2,48,1,10000,5000,1000,2,48,1.3002864029999999,0.01300806725690276,0.08914333,2.22858325,1.389429733,0.01389429733,0.067730015,1.457159748,0,0
lgca-10000,lxbk1029,avx512,fake,20036609,2,24,2,10000,2500,1000,4,24,0.334872711,0.0033514082365892713,0.063681456,0.7960182,0.398554167,0.00398554167,0.034192234,0.432746401,0,0
lgca-10000,lxbk1029,avx512,fake,20036609,2,16,3,10000,1668,1000,6,16,0.333164418,0.003332977370948379,0.06433593,0.53613275,0.397500348,0.0039718260191846525,0.283110181,0.680610529,0,0
lgca-10000,lxbk1029,avx512,fake,20036609,2,12,4,10000,1250,1000,8,12,0.29756131,0.0029803817107371794,0.069574274,0.4348392125,0.367135584,0.00367135584,0.048384252,0.415519836,0,0
lgca-10000,lxbk1029,avx512,fake,20036609,2,8,6,10000,834,1000,12,8,0.288900021,0.002893630018028846,0.059134298,0.24639290833333333,0.348034319,0.0034775611410871304,0.056826988,0.404861307,0,0
lgca-10000,lxbk1029,avx512,fake,20036609,2,6,8,10000,626,1000,16,6,0.291786979,0.00292254586338141,0.06008346,0.1877608125,0.351870439,0.0035130834564696487,0.027122169,0.378992608,0,0
lgca-10000,lxbk1029,avx512,fake,20036609,2,4,12,10000,418,1000,24,4,0.261642735,0.0026206203425480773,0.061223852,0.12754969166666666,0.322866587,0.003218367095295056,0.071134054,0.394000641,0,0
lgca-10000,lxbk1029,avx512,fake,20036609,2,2,24,10000,210,1000,48,2,0.391340624,0.003919677724358975,0.088908641,0.09261316770833333,0.480249265,0.0047643776289682535,0.023472162,0.503721427,0,0
lgca-100000,lxbk1029,avx512,fake,20036609,2,48,1,100000,50000,1000,2,48,164.399101636,0.016440567786311453,0.513515198,1.283787995,164.912616834,0.0164912616834,1.879821521,166.792438355,0,0
lgca-10000,lxbk1029,avx512,fake,20036609,2,1,48,10000,106,1000,96,1,0.246705546,0.0024710090745192308,0.058355705,0.030393596354166667,0.305061251,0.0029978503439465408,0.024683557,0.329744808,0,0
lgca-100,lxbk1029,avx512,fake,20036614,2,48,1,100,50,1000,2,48,0.074215762,7.730808541666667,0.001508688,3.77172,0.07572445,7.572445,0.03080263,0.10652708,0,0
lgca-1000,lxbk1029,avx512,fake,20036614,2,48,1,1000,500,1000,2,48,0.109327016,0.10976608032128514,0.010430102,2.6075255,0.119757118,0.119757118,0.019921491,0.139678609,0,0
lgca-10000,lxbk1029,avx512,fake,20036614,2,48,1,10000,5000,1000,2,48,1.322515284,0.013230445018007202,0.087840493,2.196012325,1.410355777,0.01410355777,0.067062591,1.477418368,0,0
lgca-10000,lxbk1029,avx512,fake,20036614,2,24,2,10000,2500,1000,4,24,0.339632808,0.0033990473178542834,0.066268875,0.8283609375000001,0.405901683,0.00405901683,0.023926866,0.429828549,0,0
lgca-10000,lxbk1029,avx512,fake,20036614,2,16,3,10000,1668,1000,6,16,0.347901991,0.003480412074829932,0.067435686,0.56196405,0.415337677,0.004150056724620304,0.24171033,0.657048007,0,0
lgca-10000,lxbk1029,avx512,fake,20036614,2,12,4,10000,1250,1000,8,12,0.291822584,0.002922902483974359,0.060306538,0.3769158625,0.352129122,0.00352129122,0.0160041,0.368133222,0,0
lgca-10000,lxbk1029,avx512,fake,20036614,2,8,6,10000,834,1000,12,8,0.297102836,0.002975789623397436,0.059401709,0.24750712083333334,0.356504545,0.0035621956934452437,0.048249353,0.404753898,0,0
lgca-10000,lxbk1029,avx512,fake,20036614,2,6,8,10000,626,1000,16,6,0.301391485,0.003018744841746795,0.089315624,0.279111325,0.390707109,0.0039008297623801917,0.021638968,0.412346077,0,0
lgca-10000,lxbk1029,avx512,fake,20036614,2,4,12,10000,418,1000,24,4,0.305506257,0.0030599585036057693,0.060842599,0.12675541458333334,0.366348856,0.0036518027910685804,0.041175272,0.407524128,0,0
lgca-10000,lxbk1029,avx512,fake,20036614,2,2,24,10000,210,1000,48,2,0.360443467,0.0036102110076121794,0.088686468,0.0923817375,0.449129935,0.0044556541170634924,0.049125151,0.498255086,0,0
lgca-100000,lxbk1029,avx512,fake,20036614,2,48,1,100000,50000,1000,2,48,150.92203304,0.015092807016280652,0.529613327,1.3240333174999999,151.451646367,0.0151451646367,0.864391157,152.316037524,0,0
lgca-10000,lxbk1029,avx512,fake,20036614,2,1,48,10000,106,1000,96,1,0.250514186,0.002509156510416667,0.057879639,0.0301456453125,0.308393825,0.003030599695361635,0.029121631,0.337515456,0,0
lgca-100,lxbk1029,avx512,fake,20036619,2,48,1,100,50,1000,2,48,0.06991824,7.28315,0.001502267,3.7556675,0.071420507,7.1420507,0.039172151,0.110592658,0,0
lgca-1000,lxbk1029,avx512,fake,20036619,2,48,1,1000,500,1000,2,48,0.120685074,0.12116975301204819,0.009581323,2.39533075,0.130266397,0.130266397,0.045911454,0.176177851,0,0
lgca-10000,lxbk1029,avx512,fake,20036619,2,48,1,10000,5000,1000,2,48,1.30758417,0.01308107412965186,0.088693964,2.2173491,1.3962781340000001,0.01396278134,0.087565551,1.483843685,0,0
lgca-10000,lxbk1029,avx512,fake,20036619,2,24,2,10000,2500,1000,4,24,0.344485892,0.0034476170136108885,0.065038348,0.8129793499999999,0.40952424,0.0040952424,0.022377659,0.431901899,0,0
lgca-10000,lxbk1029,avx512,fake,20036619,2,16,3,10000,1668,1000,6,16,0.334388329,0.0033452213785514205,0.065900524,0.5491710333333333,0.400288853,0.003999688778976818,0.249512605,0.649801458,0,0
lgca-10000,lxbk1029,avx512,fake,20036619,2,12,4,10000,1250,1000,8,12,0.314357396,0.003148611738782051,0.086879186,0.5429949125,0.401236582,0.00401236582,0.01444565,0.415682232,0,0
lgca-10000,lxbk1029,avx512,fake,20036619,2,8,6,10000,834,1000,12,8,0.292077246,0.002925453185096154,0.065046182,0.2710257583333333,0.357123428,0.003568379576338929,0.059593605,0.416717033,0,0
lgca-10000,lxbk1029,avx512,fake,20036619,2,6,8,10000,626,1000,16,6,0.295694404,0.002961682732371795,0.07007023,0.21896946875,0.365764634,0.0036518034544728434,0.022331219,0.388095853,0,0
lgca-10000,lxbk1029,avx512,fake,20036619,2,4,12,10000,418,1000,24,4,0.271257795,0.002716925030048077,0.060607145,0.12626488541666667,0.33186494,0.003308063596491228,0.05697384,0.38883878,0,0
lgca-10000,lxbk1029,avx512,fake,20036619,2,2,24,10000,210,1000,48,2,0.30846035,0.0030895467748397435,0.074225233,0.07731795104166667,0.382685583,0.0037964839583333335,0.103316167,0.48600175,0,0
lgca-100000,lxbk1029,avx512,fake,20036619,2,48,1,100000,50000,1000,2,48,159.216365171,0.01592227340803632,0.530872358,1.327180895,159.747237529,0.0159747237529,0.096175661,159.84341319,0,0
lgca-10000,lxbk1029,avx512,fake,20036619,2,1,48,10000,106,1000,96,1,0.253504845,0.0025391110276442304,0.058346605,0.030388856770833333,0.31185145,0.0030645779284591197,0.02397216,0.33582361,0,0
lgca-100,lxbk1029,avx512,fake,20036624,2,48,1,100,50,1000,2,48,0.06390433,6.656701041666666,0.001540905,3.8522625,0.065445235,6.5445235,0.025596244,0.091041479,0,0
lgca-1000,lxbk1029,avx512,fake,20036624,2,48,1,1000,500,1000,2,48,0.124059459,0.12455768975903614,0.009981073,2.49526825,0.134040532,0.134040532,0.041879892,0.175920424,0,0
lgca-10000,lxbk1029,avx512,fake,20036624,2,48,1,10000,5000,1000,2,48,1.299824439,0.013003445768307323,0.080111589,2.002789725,1.379936028,0.01379936028,0.075299857,1.455235885,0,0
lgca-10000,lxbk1029,avx512,fake,20036624,2,24,2,10000,2500,1000,4,24,0.346684323,0.003469618925140112,0.068227862,0.852848275,0.414912185,0.00414912185,0.020714974,0.435627159,0,0
lgca-10000,lxbk1029,avx512,fake,20036624,2,16,3,10000,1668,1000,6,16,0.329706471,0.00329838406362545,0.06624221,0.5520184166666666,0.395948681,0.003956321752597922,0.222292522,0.618241203,0,0
lgca-10000,lxbk1029,avx512,fake,20036624,2,12,4,10000,1250,1000,8,12,0.291889933,0.0029235770532852565,0.061008495,0.38130309375,0.352898428,0.00352898428,0.026533335,0.379431763,0,0
lgca-10000,lxbk1029,avx512,fake,20036624,2,8,6,10000,834,1000,12,8,0.287808882,0.002882701141826923,0.070072877,0.29197032083333335,0.357881759,0.0035759568245403678,0.029566396,0.387448155,0,0
lgca-10000,lxbk1029,avx512,fake,20036624,2,6,8,10000,626,1000,16,6,0.269406524,0.00269838265224359,0.060259546,0.18831108125,0.32966607,0.0032913944688498405,0.035136668,0.364802738,0,0
lgca-10000,lxbk1029,avx512,fake,20036624,2,4,12,10000,418,1000,24,4,0.30395975,0.0030444686498397435,0.087545288,0.18238601666666668,0.391505038,0.0039025621810207336,0.033167571,0.424672609,0,0
lgca-10000,lxbk1029,avx512,fake,20036624,2,2,24,10000,210,1000,48,2,0.284665758,0.00285121953125,0.065968751,0.06871744895833334,0.350634509,0.0034785169543650792,0.126008493,0.476643002,0,0
lgca-100000,lxbk1029,avx512,fake,20036624,2,48,1,100000,50000,1000,2,48,146.553713256,0.014655957563902556,0.543637802,1.359094505,147.097351058,0.0147097351058,0.295859945,147.393211003,0,0
lgca-10000,lxbk1029,avx512,fake,20036624,2,1,48,10000,106,1000,96,1,0.246537029,0.002469321203926282,0.058509913,0.030473913020833333,0.305046942,0.0029977097287735848,0.027853655,0.332900597,0,0
lgca-10000,lxbk1029,avx512,fake,20036618,1,48,1,10000,10000,1000,1,1,22.565456407,0.22569970401080217,0.248126747,12.40633735,22.813583154,0.22813583154,0.000285173,22.813868327,0,0
lgca-10000-avx2,lxbk1029,avx2,fake,20036618,1,48,1,10000,10000,1000,1,1,32.454201418,0.3246069355671134,0.241993951,12.09969755,32.696195369,0.32696195369,0.000269424,32.696464793,0,0
lgca-10000-real,lxbk1029,avx512,real,20036618,1,48,1,10000,10000,1000,1,1,417.7891804,4.178727549509902,0.236972357,11.84861785,418.026152757,4.18026152757,0.000205513,418.02635827,0,0
lgca-10000,lxbk1029,avx512,fake,20036618,1,48,1,10000,10000,1000,1,2,11.434910034,0.114371974734947,0.23080908,11.540454,11.665719114,0.11665719114,0.000227943,11.665947057,0,0
lgca-10000-avx2,lxbk1029,avx2,fake,20036618,1,48,1,10000,10000,1000,1,2,16.787449907,0.16790808068613722,0.24474314,12.237157,17.032193047,0.17032193047,0.000256119,17.032449166,0,0
lgca-10000-real,lxbk1029,avx512,real,20036618,1,48,1,10000,10000,1000,1,2,213.390220782,2.134329073634727,0.235939292,11.7969646,213.626160074,2.13626160074,0.000293531,213.626453605,0,0
lgca-10000,lxbk1029,avx512,fake,20036618,1,48,1,10000,10000,1000,1,4,6.421073473,0.06422357944588918,0.230460351,11.52301755,6.651533824,0.06651533824,0.000200407,6.651734231,0,0
lgca-10000-avx2,lxbk1029,avx2,fake,20036618,1,48,1,10000,10000,1000,1,4,8.36598887,0.08367662402480497,0.172248456,8.6124228,8.538237326,0.08538237326,0.000190609,8.538427935,0,0
lgca-10000-real,lxbk1029,avx512,real,20036618,1,48,1,10000,10000,1000,1,4,109.158921413,1.091807575645129,0.215919519,10.79597595,109.374840932,1.09374840932,0.00032632,109.375167252,0,0
lgca-10000,lxbk1029,avx512,fake,20036618,1,48,1,10000,10000,1000,1,8,3.664698879,0.03665431965393079,0.215117261,10.75586305,3.87981614,0.0387981614,0.000196043,3.880012183,0,0
lgca-10000-avx2,lxbk1029,avx2,fake,20036618,1,48,1,10000,10000,1000,1,8,4.422424767,0.04423309428885777,0.209163037,10.45815185,4.6315878040000005,0.04631587804,0.000230538,4.631818342,0,0
lgca-10000-real,lxbk1029,avx512,real,20036618,1,48,1,10000,10000,1000,1,8,57.324036778,0.5733550387877575,0.237328263,11.86641315,57.561365041,0.57561365041,0.000293573,57.561658614,0,0
lgca-10000,lxbk1029,avx512,fake,20036618,1,48,1,10000,10000,1000,1,16,2.821321453,0.02821885830166033,0.211252703,10.56263515,3.032574156,0.03032574156,0.000192529,3.032766685,0,0
lgca-10000-avx2,lxbk1029,avx2,fake,20036618,1,48,1,10000,10000,1000,1,16,2.9755937770000003,0.029761890148029612,0.210695009,10.53475045,3.186288786,0.03186288786,0.000232241,3.186521027,0,0
lgca-10000-real,lxbk1029,avx512,real,20036618,1,48,1,10000,10000,1000,1,16,30.324379625,0.3033044571414283,0.23689193,11.8445965,30.561271555,0.30561271555,0.000230474,30.561502029,0,0
lgca-10000,lxbk1029,avx512,fake,20036618,1,48,1,10000,10000,1000,1,24,2.907775527,0.02908357198439688,0.183673907,9.18369535,3.091449434,0.03091449434,0.000188756,3.09163819,0,0
lgca-10000-avx2,lxbk1029,avx2,fake,20036618,1,48,1,10000,10000,1000,1,24,2.792810176,0.02793368849769954,0.210079768,10.5039884,3.002889944,0.03002889944,0.00023523,3.003125174,0,0
lgca-10000-real,lxbk1029,avx512,real,20036618,1,48,1,10000,10000,1000,1,24,20.493965512,0.20498065125025006,0.238380298,11.9190149,20.732345809999998,0.2073234581,0.000150618,20.732496428,0,0
lgca-10000,lxbk1029,avx512,fake,20036618,1,48,1,10000,10000,1000,1,32,2.892818594,0.028933972734546908,0.20340459,10.1702295,3.096223184,0.03096223184,0.000205435,3.096428619,0,0
lgca-10000-avx2,lxbk1029,avx2,fake,20036618,1,48,1,10000,10000,1000,1,32,2.5450663540000003,0.025455754690938193,0.164956702,8.2478351,2.710023056,0.02710023056,0.000217716,2.710240772,0,0
lgca-10000-real,lxbk1029,avx512,real,20036618,1,48,1,10000,10000,1000,1,32,15.577450265,0.15580566378275656,0.226820575,11.34102875,15.804270840000001,0.1580427084,0.000231337,15.804502177,0,0
lgca-10000,lxbk1029,avx512,fake,20036618,1,48,1,10000,10000,1000,1,40,2.692272103,0.026928106651330268,0.139536199,6.97680995,2.8318083019999998,0.02831808302,0.000223387,2.832031689,0,0
lgca-10000-avx2,lxbk1029,avx2,fake,20036618,1,48,1,10000,10000,1000,1,40,2.832962318,0.02833529023804761,0.136196962,6.8098481,2.96915928,0.0296915928,0.000251112,2.969410392,0,0
lgca-10000-real,lxbk1029,avx512,real,20036618,1,48,1,10000,10000,1000,1,40,12.650115974,0.1265264650330066,0.159396346,7.9698173,12.80951232,0.1280951232,0.000228367,12.809740687,0,0
lgca-10000,lxbk1029,avx512,fake,20036618,1,48,1,10000,10000,1000,1,48,3.026688325,0.030272937837567515,0.138131121,6.90655605,3.164819446,0.03164819446,0.000284263,3.165103709,0,0
lgca-10000-avx2,lxbk1029,avx2,fake,20036618,1,48,1,10000,10000,1000,1,48,2.769995939,0.02770550049009802,0.117103153,5.85515765,2.887099092,0.02887099092,0.000382335,2.887481427,0,0
lgca-10000-real,lxbk1029,avx512,real,20036618,1,48,1,10000,10000,1000,1,48,10.948724801000001,0.109509149839968,0.142724269,7.13621345,11.09144907,0.1109144907,0.000421988,11.091871058,0,0
lgca-10000,lxbk1029,avx512,fake,20036618,1,48,1,10000,10000,1000,1,96,3.142814058,0.031434427465493096,0.153383004,7.6691502,3.296197062,0.03296197062,0.000956769,3.297153831,0,0
lgca-10000-avx2,lxbk1029,avx2,fake,20036618,1,48,1,10000,10000,1000,1,96,3.058021343,0.030586330696139228,0.140603669,7.03018345,3.198625012,0.03198625012,0.00078475,3.199409762,0,0
lgca-10000-real,lxbk1029,avx512,real,20036618,1,48,1,10000,10000,1000,1,96,8.875385307,0.0887716073914783,0.153187618,7.6593809,9.028572925,0.09028572925,0.000883821,9.029456746,0,0
lgca-100,lxbk1029,avx512,fake,20036618,1,48,1,100,100,1000,1,48,0.060665611,6.190368469387755,0.002781323,13.906615,0.063446934,6.3446934,0.000065562,0.063512496,0,0
lgca-1000,lxbk1029,avx512,fake,20036618,1,48,1,1000,1000,1000,1,48,0.148042988,0.14833966733466933,0.017984228,8.992114,0.166027216,0.166027216,0.000067451,0.166094667,0,0
lgca-10000,lxbk1029,avx512,fake,20036618,1,48,1,10000,10000,1000,1,48,2.850646736,0.02851216979395879,0.15657628,7.828814,3.007223016,0.03007223016,0.000355837,3.007578853,0,0
lgca-10000,lxbk1029,avx512,fake,20036618,1,24,2,10000,5000,1000,2,24,1.094482641,0.010949206092436974,0.075084085,1.877102125,1.169566726,0.01169566726,0.083692712,1.253259438,0,0
lgca-10000,lxbk1029,avx512,fake,20036618,1,16,3,10000,3334,1000,3,16,0.852920413,0.008532617176870748,0.070638586,1.1773097666666668,0.923558999,0.00923374324135173,0.720595982,1.644154981,0,0
lgca-10000,lxbk1029,avx512,fake,20036618,1,12,4,10000,2500,1000,4,12,0.991562945,0.009923568304643715,0.105405609,1.3175701125,1.096968554,0.01096968554,0.020697307,1.117665861,0,0
lgca-10000,lxbk1029,avx512,fake,20036618,1,8,6,10000,1668,1000,6,8,0.955615637,0.009559980362144858,0.063130743,0.526089525,1.01874638,0.010179320343725021,0.066677701,1.085424081,0,0
lgca-10000,lxbk1029,avx512,fake,20036618,1,6,8,10000,1250,1000,8,6,0.963870798,0.009654154627403846,0.076951965,0.48094978125,1.040822763,0.01040822763,0.034525293,1.075348056,0,0
lgca-10000,lxbk1029,avx512,fake,20036618,1,4,12,10000,834,1000,12,4,0.913111716,0.009145750360576924,0.085052403,0.3543850125,0.998164119,0.009973662260191847,0.0903201,1.088484219,0,0
lgca-10000,lxbk1029,avx512,fake,20036618,1,2,24,10000,418,1000,24,2,0.780881613,0.007821330258413462,0.077309871,0.16106223125,0.858191484,0.008554540311004786,0.259071569,1.117263053,0,0
lgca-100000,lxbk1029,avx512,fake,20036618,1,48,1,100000,100000,1000,1,48,252.250890585,0.025225593570371407,0.940705876,4.70352938,253.191596461,0.0253191596461,0.000721727,253.192318188,0,0
lgca-10000,lxbk1029,avx512,fake,20036618,1,1,48,10000,210,1000,48,1,0.890860879,0.00892288540665064,0.066078976,0.06883226666666667,0.956939855,0.009493450942460317,0.068605577,1.025545432,0,0
lgca-10000,lxbk0846,avx512,fake,20036610,4,48,1,10000,2500,1000,4,48,0.733435011,0.007340222287830264,0.076605455,0.9575681875,0.810040466,0.00810040466,0.107896869,0.917937335,0,0
lgca-10000,lxbk0846,avx512,fake,20036610,4,24,2,10000,1250,1000,8,24,0.204858175,0.002051864733573718,0.070302059,0.43938786875,0.275160234,0.00275160234,0.029564715,0.304724949,0,0
lgca-10000,lxbk0846,avx512,fake,20036610,4,16,3,10000,834,1000,12,16,0.191961985,0.0019226961638621795,0.060250158,0.251042325,0.252212143,0.002520105345723421,0.103170802,0.355382945,0,0
lgca-10000,lxbk0846,avx512,fake,20036610,4,12,4,10000,626,1000,16,12,0.164619897,0.001648837109375,0.064227237,0.20071011562500002,0.228847134,0.0022848156349840254,0.029617223,0.258464357,0,0
lgca-10000,lxbk0846,avx512,fake,20036610,4,8,6,10000,418,1000,24,8,0.166805207,0.0016707252303685897,0.07742092,0.16129358333333332,0.244226127,0.0024344709629186604,0.030893658,0.275119785,0,0
lgca-10000,lxbk0846,avx512,fake,20036610,4,6,8,10000,314,1000,32,6,0.147929626,0.0014816669270833333,0.061939157,0.0967799328125,0.209868783,0.0020886622511942675,0.034999135,0.244867918,0,0
lgca-10000,lxbk0846,avx512,fake,20036610,4,4,12,10000,210,1000,48,4,0.140854934,0.0014108066306089745,0.063111774,0.06574143125,0.203966708,0.002023479246031746,0.033346676,0.237313384,0,0
lgca-10000,lxbk0846,avx512,fake,20036610,4,2,24,10000,106,1000,96,2,0.13809202,0.0013831332131410256,0.060326029,0.031419806770833336,0.198418049,0.0019498629029088051,0.058154868,0.256572917,0,0
lgca-100000,lxbk0846,avx512,fake,20036610,4,48,1,100000,25000,1000,4,48,71.829225144,0.007183497194175534,0.554741104,0.69342638,72.383966248,0.0072383966248,0.431296004,72.815262252,0,0
lgca-10000,lxbk0846,avx512,fake,20036610,4,1,48,10000,54,1000,192,1,0.124885476,0.0012508561298076922,0.057060182,0.014859422395833334,0.181945658,0.0017548771026234568,0.034201739,0.216147397,0,0
lgca-100,lxbk0846,avx512,fake,20036615,4,48,1,100,26,1000,4,48,0.100422994,10.460728541666667,0.001474258,1.8428225,0.101897252,9.797812692307692,0.06962082,0.171518072,0,0
lgca-1000,lxbk0846,avx512,fake,20036615,4,48,1,1000,250,1000,4,48,0.153830985,0.1550715574596774,0.008828144,1.103518,0.162659129,0.162659129,0.095727048,0.258386177,0,0
lgca-10000,lxbk0846,avx512,fake,20036615,4,48,1,10000,2500,1000,4,48,0.740990154,0.007415834207365892,0.077364848,0.9670606,0.818355002,0.00818355002,0.04660059,0.864955592,0,0
lgca-10000,lxbk0846,avx512,fake,20036615,4,24,2,10000,1250,1000,8,24,0.207168688,0.002075006891025641,0.068042697,0.42526685625,0.275211385,0.00275211385,0.023674883,0.298886268,0,0
lgca-10000,lxbk0846,avx512,fake,20036615,4,16,3,10000,834,1000,12,16,0.190884044,0.0019118994791666667,0.061643587,0.2568482791666667,0.252527631,0.0025232577038369302,0.114521217,0.367048848,0,0
lgca-10000,lxbk0846,avx512,fake,20036615,4,12,4,10000,626,1000,16,12,0.16354041,0.0016380249399038462,0.063329519,0.197904746875,0.226869929,0.0022650751697284345,0.039320406,0.266190335,0,0
lgca-10000,lxbk0846,avx512,fake,20036615,4,8,6,10000,418,1000,24,8,0.152507578,0.001527519811698718,0.061915116,0.128989825,0.214422694,0.0021373873006379587,0.032527913,0.246950607,0,0
lgca-10000,lxbk0846,avx512,fake,20036615,4,6,8,10000,314,1000,32,6,0.149026313,0.001492651372195513,0.063824437,0.0997256828125,0.21285075,0.0021183394705414013,0.01837412,0.23122487,0,0
lgca-10000,lxbk0846,avx512,fake,20036615,4,4,12,10000,210,1000,48,4,0.141121646,0.0014134780248397437,0.062589273,0.065197159375,0.203710919,0.0020209416567460317,0.029889172,0.233600091,0,0
lgca-10000,lxbk0846,avx512,fake,20036615,4,2,24,10000,106,1000,96,2,0.19745582,0.0019777225560897436,0.072947111,0.037993286979166666,0.270402931,0.0026572615074685535,0.029549368,0.299952299,0,0
lgca-100000,lxbk0846,avx512,fake,20036615,4,48,1,100000,25000,1000,4,48,66.612369242,0.006661769865789263,0.501797812,0.6272472649999999,67.114167054,0.006711416705400001,5.523200043,72.637367097,0,0
lgca-10000,lxbk0846,avx512,fake,20036615,4,1,48,10000,54,1000,192,1,0.124592242,0.0012479190905448718,0.056854185,0.01480577734375,0.181446427,0.0017500619888117285,0.025745241,0.207191668,0,0
lgca-100,lxbk0846,avx512,fake,20036620,4,48,1,100,26,1000,4,48,0.104263574,10.860788958333334,0.001565009,1.95626125,0.105828583,10.175825288461539,0.05416738,0.159995963,0,0
lgca-1000,lxbk0846,avx512,fake,20036620,4,48,1,1000,250,1000,4,48,0.155699401,0.15695504133064517,0.008631214,1.07890175,0.164330615,0.164330615,0.095440803,0.259771418,0,0
lgca-10000,lxbk0846,avx512,fake,20036620,4,48,1,10000,2500,1000,4,48,0.742284734,0.007428790372297839,0.077695514,0.971193925,0.819980248,0.00819980248,0.049158407,0.869138655,0,0
lgca-10000,lxbk0846,avx512,fake,20036620,4,24,2,10000,1250,1000,8,24,0.205198762,0.002055276061698718,0.067388775,0.42117984375,0.272587537,0.00272587537,0.022068471,0.294656008,0,0
lgca-10000,lxbk0846,avx512,fake,20036620,4,16,3,10000,834,1000,12,16,0.195385096,0.0019569821314102563,0.065610988,0.27337911666666664,0.260996084,0.002607874540367706,0.121611448,0.382607532,0,0
lgca-10000,lxbk0846,avx512,fake,20036620,4,12,4,10000,626,1000,16,12,0.169534101,0.0016980579026442308,0.069807631,0.218148846875,0.239341732,0.002389593969648562,0.018890034,0.258231766,0,0
lgca-10000,lxbk0846,avx512,fake,20036620,4,8,6,10000,418,1000,24,8,0.154715159,0.001549630999599359,0.062508317,0.13022566041666664,0.217223476,0.0021653057814992023,0.01691686,0.234140336,0,0
lgca-10000,lxbk0846,avx512,fake,20036620,4,6,8,10000,314,1000,32,6,0.161493226,0.0016175202924679486,0.064058546,0.100091478125,0.225551772,0.002244742953821656,0.024246138,0.24979791,0,0
lgca-10000,lxbk0846,avx512,fake,20036620,4,4,12,10000,210,1000,48,4,0.140060943,0.0014028539963942307,0.061363702,0.06392052291666667,0.201424645,0.001998260367063492,0.029302995,0.23072764,0,0
lgca-10000,lxbk0846,avx512,fake,20036620,4,2,24,10000,106,1000,96,2,0.136415077,0.0013663369090544872,0.060376446,0.031446065625,0.196791523,0.0019338789602987422,0.057531495,0.254323018,0,0
lgca-100000,lxbk0846,avx512,fake,20036620,4,48,1,100000,25000,1000,4,48,70.198446195,0.00702040625200016,0.48180194,0.602252425,70.680248135,0.0070680248135,3.266052122,73.946300257,0,0
lgca-10000,lxbk0846,avx512,fake,20036620,4,1,48,10000,54,1000,192,1,0.124519516,0.0012471906650641025,0.056928118,0.014825030729166667,0.181447634,0.0017500736304012345,0.034391182,0.215838816,0,0
lgca-100,lxbk0846,avx512,fake,20036625,4,48,1,100,26,1000,4,48,0.101304618,10.552564375,0.001602692,2.003365,0.10290731,9.894933653846154,0.068467718,0.171375028,0,0
lgca-1000,lxbk0846,avx512,fake,20036625,4,48,1,1000,250,1000,4,48,0.13475432,0.13584104838709676,0.008892751,1.111593875,0.143647071,0.143647071,0.085965029,0.2296121,0,0
lgca-10000,lxbk0846,avx512,fake,20036625,4,48,1,10000,2500,1000,4,48,0.756741576,0.007573474539631705,0.081534081,1.0191760125,0.838275657,0.00838275657,0.033121129,0.871396786,0,0
lgca-10000,lxbk0846,avx512,fake,20036625,4,24,2,10000,1250,1000,8,24,0.208244137,0.0020857786157852565,0.068708279,0.42942674375,0.276952416,0.00276952416,0.028748802,0.305701218,0,0
lgca-10000,lxbk0846,avx512,fake,20036625,4,16,3,10000,834,1000,12,16,0.195522449,0.0019583578625801284,0.063269164,0.26362151666666667,0.258791613,0.002585847452038369,0.099721123,0.358512736,0,0
lgca-10000,lxbk0846,avx512,fake,20036625,4,12,4,10000,626,1000,16,12,0.164607487,0.0016487128104967948,0.064608943,0.201902946875,0.22921643,0.002288502695686901,0.016042081,0.245258511,0,0
lgca-10000,lxbk0846,avx512,fake,20036625,4,8,6,10000,418,1000,24,8,0.162629949,0.0016289057391826922,0.075440958,0.1571686625,0.238070907,0.0023731151016746412,0.034025943,0.27209685,0,0
lgca-10000,lxbk0846,avx512,fake,20036625,4,6,8,10000,314,1000,32,6,0.166061191,0.0016632731470352564,0.062858381,0.0982162203125,0.228919572,0.002278260071656051,0.021005886,0.249925458,0,0
lgca-10000,lxbk0846,avx512,fake,20036625,4,4,12,10000,210,1000,48,4,0.140750146,0.0014097570713141026,0.061419642,0.06397879375,0.202169788,0.0020056526587301587,0.037518472,0.23968826,0,0
lgca-10000,lxbk0846,avx512,fake,20036625,4,2,24,10000,106,1000,96,2,0.142962034,0.0014319113982371795,0.060525895,0.03152390364583333,0.203487929,0.0019996848368710692,0.049575966,0.253063895,0,0
lgca-100000,lxbk0846,avx512,fake,20036625,4,48,1,100000,25000,1000,4,48,68.849677151,0.006885518556584527,0.498718316,0.623397895,69.348395467,0.0069348395467,4.592148779,73.940544246,0,0
lgca-10000,lxbk0846,avx512,fake,20036625,4,1,48,10000,54,1000,192,1,0.124201957,0.001244009985977564,0.056695213,0.014764378385416667,0.18089717,0.0017447643711419752,0.022755757,0.203652927,0,0
