name,batch,run,nodes,tasks_per_node,tasks,entries,total_ram,ram_per_task,reading_the_input,dividing_the_input_into_buckets,sending_to_workers,writing_to_disk,receiving_from_workers,fetching_time_from_workers,receiving_on_worker,sorting_on_worker,sending_to_manager,duration
sort1K.data,1,0,2,1,2,1000,4000,2000,0.000244079,0.00001402,0.027196448,0.001859519,0.000301699,0.00000538,0.068474,0.001526,0.000758,0.076594202
sort1K.data,1,1,2,1,2,1000,4000,2000,0.000178236,0.000013571,0.028618718,0.001746783,0.000345003,0.00000507,0.058857,0.001598,0.000291,0.070811145
sort1K.data,1,2,2,1,2,1000,4000,2000,0.000181987,0.0000133,0.046861054,0.001869685,0.000480448,0.00000541,0.072082,0.00219,0.005936,0.084233517
sort1K.data,1,3,2,1,2,1000,4000,2000,0.000208287,0.000014171,0.027901492,0.001871208,0.008492986,0.00000476,0.060755,0.001384,0.008045,0.073610535
sort1M.data,2,0,2,1,2,1000000,4000,2000,0.016278763,0.011785865,0.576937686,0.001374432,0.041431196,0.000013971,0.351602,0.013802,0.05272,0.425765051
sort1M.data,2,1,2,1,2,1000000,4000,2000,0.021246862,0.01134997,0.550260256,0.002991613,0.036305203,0.000014361,0.335032,0.015208,0.049096,0.426048421
sort1M.data,2,2,2,1,2,1000000,4000,2000,0.015164445,0.011907018,0.59989832,0.003787572,0.039967436,0.00001404,0.360939,0.013211,0.055737,0.437746102
sort1M.data,2,3,2,1,2,1000000,4000,2000,0.015906129,0.011377671,0.376328944,0.002855634,0.038369134,0.000016361,0.249055,0.013276,0.05816,0.342994057
sort1K.data,8,0,4,1,4,1000,4000,1000,0.000455112,0.000043622,0.040453934,0.005698639,0.004737148,0.00001119,0.064982,0.000507,0.004687,0.076080867
sort1K.data,8,1,4,1,4,1000,4000,1000,0.000367788,0.000048632,0.041517332,0.005629732,0.00055369,0.000011271,0.069295,0.000542,0.00037,0.075670317
sort1K.data,8,2,4,1,4,1000,4000,1000,0.000357367,0.000047242,0.037768756,0.005394904,0.005909565,0.00001007,0.063228,0.000655,0.006114,0.079683268
sort1K.data,8,3,4,1,4,1000,4000,1000,0.000455152,0.000046072,0.038600884,0.005744967,0.005856682,0.000022581,0.069827,0.000618,0.001535,0.081045383
sort1K.data,71,0,2,1,2,1000,4000,2000,0.000211582,0.000046907,0.045636045,0.00367658,0.006441352,0.000014719,0.143032,0.001321,0.006626,0.155940247
sort1K.data,71,1,2,1,2,1000,4000,2000,0.000215827,0.000047828,0.025595137,0.003859575,0.001224846,0.000005763,0.128047,0.001271,0.001034,0.133861473
sort1K.data,71,2,2,1,2,1000,4000,2000,0.000345194,0.000061517,0.026951582,0.005167962,0.001205914,0.000042068,0.147482,0.001721,0.001116,0.151008848
sort1K.data,71,3,2,1,2,1000,4000,2000,0.000194237,0.000047785,0.025363369,0.004128727,0.002074705,0.000013311,0.127136,0.001423,0.001612,0.134948749
sort1K.data,36,0,2,1,2,1000,4000,2000,0.000273779,0.000053099,0.046244054,0.002750626,0.000523143,0.000016111,0.223812,0.001472,0.00484,0.243640484
sort1K.data,36,1,2,1,2,1000,4000,2000,0.000214932,0.00004728,0.026166101,0.002748786,0.001939661,0.000006035,0.127196,0.001212,0.001882,0.128916187
sort1K.data,36,2,2,1,2,1000,4000,2000,0.000278334,0.000045992,0.04662147,0.003446418,0.005074023,0.00000704,0.134097,0.001324,0.005432,0.143998119
sort1K.data,36,3,2,1,2,1000,4000,2000,0.000204929,0.000044848,0.025538443,0.002987622,0.003232385,0.000016584,0.125841,0.00124,0.003303,0.130991421
sort1M.data,9,0,4,1,4,1000000,4000,1000,0.02917417,0.01255911,0.302852037,0.007793922,0.035788205,0.00001401,0.330385,0.000292,0.087971,0.418656857
sort1M.data,9,1,4,1,4,1000000,4000,1000,0.024266882,0.01340234,0.23134348,0.008297088,0.033540318,0.000018051,0.295257,0.000448,0.082062,0.392584396
sort1M.data,9,2,4,1,4,1000000,4000,1000,0.028772664,0.013700097,0.166393498,0.189101571,0.037928812,0.00001521,0.267565,0.002821,0.337659,0.608952556
sort1M.data,9,3,4,1,4,1000000,4000,1000,0.018701725,0.014483261,0.195598789,0.006064194,0.043728488,0.000022701,0.269324,0.001682,0.091732,0.381194634
sort1K.data,15,0,8,1,8,1000,4000,500,0.000175937,0.000022161,0.085958864,0.001886862,0.000917896,0.000009,0.17268,0.000389,0.000145,0.23663793
sort1K.data,15,1,8,1,8,1000,4000,500,0.000173227,0.000020411,0.05836953,0.001908309,0.000809584,0.00000755,0.169143,0.000325,0.000145,0.222970244
sort1K.data,15,2,8,1,8,1000,4000,500,0.000162127,0.000020281,0.079195204,0.002033325,0.000953421,0.00000797,0.157359,0.000422,0.000133,0.368917025
sort1K.data,15,3,8,1,8,1000,4000,500,0.000194708,0.000019321,0.06103702,0.001814834,0.001006954,0.000007921,0.165929,0.000465,0.000158,0.214610178
sort1M.data,16,0,8,1,8,1000000,4000,500,0.002940536,0.046189325,0.20262232,0.028563511,0.029093405,0.000031237,0.269147,0.003087,0.07307,0.346716686
sort1M.data,16,1,8,1,8,1000000,4000,500,0.003209256,0.045450353,0.197722015,0.025454975,0.029435589,0.0000285,0.268048,0.004126,0.092675,0.456583895
sort1M.data,16,2,8,1,8,1000000,4000,500,0.003128606,0.046073651,0.205700855,0.028069016,0.029562985,0.000029805,0.268088,0.003947,0.080606,0.445034373
sort1M.data,16,3,8,1,8,1000000,4000,500,0.002855792,0.046130757,0.201248354,0.026451686,0.02932281,0.000033197,0.267639,0.003054,0.080042,0.453242264
sort1K.data,43,0,4,1,4,1000,4000,1000,0.000286351,0.00001643,0.037015922,0.001824,0.000552631,0.00000561,0.073863,0.000552,0.005936,0.426317995
sort1K.data,43,1,4,1,4,1000,4000,1000,0.000197967,0.0000132,0.03808438,0.001645941,0.000452857,0.00000532,0.067958,0.000579,0.00173,0.080682559
sort1K.data,43,2,4,1,4,1000,4000,1000,0.000154675,0.000012621,0.037406996,0.001944653,0.000705555,0.00000564,0.063665,0.000546,0.005862,0.861813968
sort1K.data,43,3,4,1,4,1000,4000,1000,0.000259519,0.000017011,0.038741616,0.001803193,0.000514213,0.000006741,0.067213,0.000546,0.002545,0.132289897
sort1K.data,57,0,16,1,16,1000,4000,250,0.000309871,0.000013381,0.060807556,0.001823794,0.003554348,0.000028961,0.076798,0.000276,0.002089,0.086710214
sort1K.data,57,1,16,1,16,1000,4000,250,0.000331872,0.000016831,0.057926813,0.00311347,0.004547775,0.000011671,0.075611,0.00023,0.002,0.088699786
sort1K.data,57,2,16,1,16,1000,4000,250,0.000229639,0.00001355,0.080591285,0.00182141,0.003872726,0.000010391,0.07364,0.000237,0.000127,0.095237729
sort1K.data,57,3,16,1,16,1000,4000,250,0.00026972,0.00001608,0.079178543,0.003296096,0.005452263,0.0000155,0.073103,0.000248,0.00014,0.098384952
sort1M.data,44,0,4,1,4,1000000,4000,1000,0.015455709,0.013227886,0.173793694,0.007809516,0.034872507,0.00001088,0.157206,0.002914,0.304118,0.473907106
sort1M.data,44,1,4,1,4,1000000,4000,1000,0.021186596,0.012487503,0.154963591,0.007504959,0.036590899,0.000018881,0.145255,0.003847,0.0547,0.234595221
sort1M.data,44,2,4,1,4,1000000,4000,1000,0.015590027,0.012065831,0.16796929,0.001414459,0.070248381,0.00001201,0.145782,0.002966,0.66981,0.829153236
sort1M.data,44,3,4,1,4,1000000,4000,1000,0.017011504,0.013168747,0.158001593,0.008468357,0.044123959,0.000025931,0.156209,0.003082,0.106723,0.32644059
sort1K.data,50,0,8,1,8,1000,4000,500,0.000199737,0.000014041,0.052136993,0.001804424,0.005878038,0.00000919,0.073375,0.000391,0.003815,0.085690306
sort1K.data,50,1,8,1,8,1000,4000,500,0.00026834,0.000025191,0.053049586,0.043702365,0.001069277,0.000023031,0.086229,0.000436,0.000248,0.248649962
sort1K.data,50,2,8,1,8,1000,4000,500,0.000275789,0.000015221,0.051878094,0.001549685,0.000843243,0.000015621,0.072531,0.000488,0.00147,0.181987129
sort1K.data,50,3,8,1,8,1000,4000,500,0.00027485,0.000019701,0.211146584,0.00166643,0.004034009,0.00001625,0.077246,0.000362,0.000203,0.168714005
sort1M.data,72,0,2,1,2,1000000,4000,2000,0.01851489,0.011399054,0.394937751,0.000765991,0.051331852,0.000020381,0.262944,0.010303,0.06369,0.337131564
sort1M.data,72,1,2,1,2,1000000,4000,2000,0.022283551,0.011741976,0.675067424,0.000575263,0.062627512,0.000018671,0.409506,0.009809,0.084316,0.542605002
sort1M.data,72,2,2,1,2,1000000,4000,2000,0.019453359,0.011588315,0.375801957,0.000654937,0.045659637,0.000029031,0.262233,0.006228,0.063251,0.370363255
sort1M.data,72,3,2,1,2,1000000,4000,2000,0.019114218,0.011562199,0.400663606,0.001609954,0.058984182,0.000020261,0.270475,0.00736,0.079887,0.399820368
sort1M.data,51,0,8,1,8,1000000,4000,500,0.03668903,0.013721604,0.146775321,0.028065765,0.047163582,0.000021051,0.168547,0.001322,0.159434,0.334713465
sort1M.data,51,1,8,1,8,1000000,4000,500,0.033086708,0.012789919,0.139580734,0.006866441,0.040289628,0.000040632,0.161496,0.000559,0.066546,0.32398894
sort1M.data,51,2,8,1,8,1000000,4000,500,0.028225389,0.012615534,0.158589284,0.00597234,0.035168076,0.000033891,0.152068,0.000478,0.365783,0.614750388
sort1M.data,51,3,8,1,8,1000000,4000,500,0.028521682,0.012408204,0.145857106,0.003527933,0.052716732,0.000029661,0.15211,0.000968,0.070372,0.274739138
sort1M.data,23,0,16,1,16,1000000,4000,250,0.003623857,0.043287236,0.208304445,0.024262631,0.034753838,0.000032423,0.253673,0.001106,0.071937,0.334722145
sort1M.data,23,1,16,1,16,1000000,4000,250,0.003483091,0.042740869,0.210136809,0.02151242,0.087825101,0.000037829,0.256139,0.000706,0.132701,0.429948986
sort1M.data,23,2,16,1,16,1000000,4000,250,0.002875702,0.042743865,0.434804752,0.023989714,0.043764494,0.000035195,0.245821,0.001249,0.08686,0.48799288
sort1M.data,23,3,16,1,16,1000000,4000,250,0.002688426,0.043271481,0.214386333,0.446117064,0.051566342,0.000036134,0.254044,0.001269,0.533417,1.5702061569999999
sort1K.data,99,0,32,1,32,1000,4000,125,0.000225366,0.000048064,0.116144642,0.002842447,0.00554743,0.000027152,0.172062,0.000252,0.000097,0.184973681
sort1K.data,99,1,32,1,32,1000,4000,125,0.000190899,0.000044511,0.112667824,0.003310468,0.000421846,0.000083574,0.165278,0.000229,0.000102,0.179894866
sort1K.data,99,2,32,1,32,1000,4000,125,0.000244223,0.000047097,0.115217878,0.00295474,0.000441447,0.000092982,0.168427,0.000237,0.000119,0.184658899
sort1K.data,99,3,32,1,32,1000,4000,125,0.000267627,0.000046252,0.111715854,0.002694992,0.005310965,0.000034711,0.164351,0.000224,0.000095,0.174713218
sort1K.data,29,0,32,1,32,1000,4000,125,0.000318771,0.00001503,0.142869386,0.002284936,0.000406232,0.0000225,0.127211,0.000196,0.000082,0.146430675
sort1K.data,29,1,32,1,32,1000,4000,125,0.000241388,0.000013841,0.139102529,0.002374306,0.000376728,0.000021711,0.121441,0.000225,0.000078,0.374163874
sort1K.data,29,2,32,1,32,1000,4000,125,0.00028724,0.00001484,0.222040488,0.002055261,0.000346732,0.000068393,0.170427,0.000165,0.000078,0.211260625
sort1K.data,29,3,32,1,32,1000,4000,125,0.000262829,0.00001419,0.141901983,0.002232673,0.000390606,0.000034601,0.128428,0.000188,0.000079,0.17632005
sort1K.data,22,0,16,1,16,1000,4000,250,0.000396412,0.000021871,0.071261517,0.005709855,0.006233975,0.00001863,0.084774,0.000323,0.003388,0.098640818
sort1K.data,22,1,16,1,16,1000,4000,250,0.000441234,0.000051512,0.069199977,0.006685055,0.00149486,0.000018791,0.167108,0.000265,0.001843,0.196285001
sort1K.data,22,2,16,1,16,1000,4000,250,
sort1K.data,22,3,16,1,16,1000,4000,250,0.000433575,0.000023791,0.079709521,0.00613781,0.001907695,0.000020241,0.175982,0.000275,0.001555,0.261575678
sort1M.data,58,0,16,1,16,1000000,4000,250,0.003686892,0.043127716,0.43458389,0.017065935,0.045917699,0.000036678,0.26395,0.000307,0.075972,0.45697534
sort1M.data,58,1,16,1,16,1000000,4000,250,0.003989204,0.04219149,0.20140973,0.016600067,0.042782076,0.00003691,0.256364,0.000258,0.081601,0.366238285
sort1M.data,58,2,16,1,16,1000000,4000,250,0.002796547,0.043314426,0.221851065,0.013798778,0.046793625,0.000034833,0.266329,0.000258,0.082175,0.39376689
sort1M.data,58,3,16,1,16,1000000,4000,250,0.002969117,0.042968319,0.227548642,0.014652517,0.050049705,0.000038526,0.260501,0.000197,0.086586,0.392094268
sort1M.data,30,0,32,1,32,1000000,4000,125,0.015312477,0.012064825,0.475603847,0.000697452,0.067317425,0.000035061,0.196131,0.000481,0.076905,0.394799129
sort1M.data,30,1,32,1,32,1000000,4000,125,0.027664141,0.014278199,0.485146017,0.006149902,0.048692426,0.000048472,0.218841,0.000367,0.071654,0.53992778
sort1M.data,30,2,32,1,32,1000000,4000,125,0.020453156,0.014413187,0.497993909,0.001628574,0.090327003,0.000077263,0.270013,0.000097,0.269003,0.752726987
sort1M.data,30,3,32,1,32,1000000,4000,125,0.018024816,0.012370107,0.502960555,0.009807824,0.054958433,0.000037452,0.202826,0.000438,0.07514,0.526720926
sort1M.data,135,0,32,1,32,1000000,4000,125,0.002957063,0.040565824,0.492584545,0.013743562,0.048062033,0.000031958,0.269326,0.000427,0.073946,0.47770303
sort1M.data,135,1,32,1,32,1000000,4000,125,0.004250578,0.041284539,0.483989115,0.016611641,0.045951608,0.000034065,0.272962,0.000396,0.08527,0.539937811
sort1M.data,135,2,32,1,32,1000000,4000,125,0.002979692,0.041198797,0.497855783,0.013209609,0.044671896,0.000040884,0.272842,0.000423,0.078853,0.530845571
sort1M.data,135,3,32,1,32,1000000,4000,125,0.003037985,0.040436505,0.497502735,0.015070512,0.04432816,0.000032361,0.27319,0.00033,0.079948,0.530970409
sort1M.data,100,0,32,1,32,1000000,4000,125,0.003733284,0.040877946,0.493365821,0.012931014,0.051928212,0.000050028,0.283187,0.00047,0.076163,0.532170309
sort1M.data,100,1,32,1,32,1000000,4000,125,0.00422389,0.042096132,0.501665499,0.016948069,0.047184704,0.000038004,0.28552,0.000299,0.076667,0.540134651
sort1M.data,100,2,32,1,32,1000000,4000,125,0.003830636,0.04078156,0.48890495,0.012200681,0.050664811,0.000035507,0.281838,0.000461,0.074201,0.507108472
sort1M.data,100,3,32,1,32,1000000,4000,125,0.003134011,0.041040602,0.483481838,0.014903824,0.046839384,0.000039941,0.281867,0.000405,0.081925,0.527466719
sort1K.data,64,0,32,1,32,1000,4000,125,0.000297917,0.000054922,0.113806554,0.003105604,0.000614663,0.000031127,0.264997,0.000233,0.000073,6.728496968
sort1K.data,64,1,32,1,32,1000,4000,125,0.000206452,0.000056729,0.116132522,0.003854014,0.000472862,0.000022148,0.26068,0.000215,0.000066,0.320519979
sort1K.data,64,2,32,1,32,1000,4000,125,0.000250572,0.000049881,0.112360152,0.002923913,0.000385559,0.000017227,0.249353,0.000218,0.000073,0.281904123
sort1K.data,64,3,32,1,32,1000,4000,125,0.000231666,0.000052596,0.113278824,0.004032189,0.000481519,0.000051752,0.245288,0.000215,0.000062,0.353344456
sort16M.data,59,0,16,1,16,16000000,6400,400,0.174217377,0.207064298,0.408621919,0.299571242,0.552718795,0.000072403,0.693152,0.108599,0.929252,1.9564461149999999
sort16M.data,59,1,16,1,16,16000000,6400,400,0.23931843,0.210906406,0.412898166,0.213332946,0.409063517,0.000047192,0.787959,0.091439,0.925266,1.838746429
sort16M.data,59,2,16,1,16,16000000,6400,400,0.182681392,0.212748457,0.553774021,0.267353181,1.458190658,0.000048732,0.865028,0.111581,1.879797,2.899258937
sort16M.data,59,3,16,1,16,16000000,6400,400,0.166049741,0.208606952,0.397876961,0.303790948,0.295507103,0.000055272,0.692736,0.090287,0.791329,1.6021603610000001
sort16M.data,45,0,4,1,4,16000000,6400,1600,0.132847378,0.201558794,1.021076676,0.088820228,0.429237028,0.000036951,0.77343,0.545375,0.600693,2.672553267
sort16M.data,45,1,4,1,4,16000000,6400,1600,0.218745582,0.197647197,1.019230659,0.064039692,0.504699145,0.000052312,0.901698,0.514369,0.822613,2.773285283
sort16M.data,45,2,4,1,4,16000000,6400,1600,0.14460037,0.194470079,0.884966827,0.079473774,0.484607837,0.000074852,0.748914,0.49351,0.641693,2.848018122
sort16M.data,45,3,4,1,4,16000000,6400,1600,0.134876281,0.194606911,1.249366857,0.064529173,0.462559963,0.000061902,0.999648,0.476554,0.691063,3.706655583
sort1M.data,65,0,32,1,32,1000000,4000,125,0.002630775,0.043379838,0.499904975,0.07647152,0.038584076,0.000051521,0.384209,0.001593,6.202447,6.712325049
sort1M.data,65,1,32,1,32,1000000,4000,125,0.004580919,0.044012538,0.483704602,0.127015165,0.038309493,0.000053273,0.405441,0.001444,0.203411,0.844080244
sort1M.data,65,2,32,1,32,1000000,4000,125,0.002709624,0.044280044,0.505248156,0.147202644,0.034304149,0.000051243,0.380714,0.001439,0.208903,0.832624941
sort1M.data,65,3,32,1,32,1000000,4000,125,0.00256705,0.042493216,0.489883289,0.162199126,0.052313496,0.000049045,0.365044,0.001657,0.228563,0.821370854
sort16M.data,52,0,8,1,8,16000000,6400,800,0.146221575,0.237956743,0.525977967,0.398733852,0.360158226,0.000051562,0.658597,0.246761,0.858159,1.814672662
sort16M.data,52,1,8,1,8,16000000,6400,800,0.237361053,0.23456072,0.886010066,0.244644901,0.562459829,0.000051462,1.2493400000000001,0.118106,0.895311,3.05362483
sort16M.data,52,2,8,1,8,16000000,6400,800,0.162813317,0.21096147,0.844379503,0.729753151,0.726677238,0.000054192,0.92983,0.2217,1.7226409999999999,2.9041985390000002
sort16M.data,52,3,8,1,8,16000000,6400,800,0.161562648,0.206218058,0.609023957,0.116239934,0.503743456,0.000040482,0.809168,0.154259,1.18905,2.9718906990000002
sort16M.data,31,0,32,1,32,16000000,6400,200,0.170398596,0.218000679,0.751542484,0.148830571,0.3267396,0.000098304,1.185471,0.038772,0.556763,2.63621402
sort16M.data,31,1,32,1,32,16000000,6400,200,0.2531555,0.204127478,0.959679993,0.339801261,0.550255626,0.000099354,1.260802,0.035789,1.074425,3.100954574
sort16M.data,31,2,32,1,32,16000000,6400,200,0.166529333,0.204950692,0.687730988,0.377820735,0.418295853,0.000068742,0.99712,0.031649,0.920439,3.228785207
sort16M.data,31,3,32,1,32,16000000,6400,200,0.163034221,0.195230609,1.055972641,0.16544712,0.385639482,0.000060042,1.240979,0.032223,0.743814,2.173145338
sort16M.data,10,0,4,1,4,16000000,6400,1600,0.225050809,0.231714686,1.280889552,0.222844732,0.297561112,0.000040271,1.315748,0.579488,0.657893,2.8056708070000003
sort16M.data,10,1,4,1,4,16000000,6400,1600,0.28947584,0.243252891,1.089155413,0.046483587,0.442252207,0.000050672,1.128215,0.652232,0.612921,2.9931532499999998
sort16M.data,10,2,4,1,4,16000000,6400,1600,0.240807369,0.237847063,1.196354039,0.300722537,1.16483783,0.000053802,1.199749,0.664008,1.653646,6.461745231
sort16M.data,10,3,4,1,4,16000000,6400,1600,0.243200961,0.228301331,1.11824166,0.051292337,0.467779342,0.000045082,1.13524,0.613163,1.040638,3.412904222
sort16M.data,17,0,8,1,8,16000000,6400,800,0.150483784,0.238073554,0.738496893,0.300773245,0.318277885,0.000048382,0.821747,0.2456,0.739376,1.844465689
sort16M.data,17,1,8,1,8,16000000,6400,800,0.241753349,0.224602126,0.981565189,0.229260721,0.510991844,0.000058582,1.301895,0.118068,0.847967,2.309965961
sort16M.data,17,2,8,1,8,16000000,6400,800,0.157924924,0.213557168,0.797286517,1.086696329,0.852566053,0.00025644,0.895205,0.219795,2.201252,5.49401296
sort16M.data,17,3,8,1,8,16000000,6400,800,0.150610921,0.213704969,0.684030565,0.14943249,0.48828451,0.000054702,0.799892,0.21608,0.892379,2.659292105
sort1K.data,127,0,16,1,16,1000,4000,250,0.00025406,0.00001333,0.0837731,0.006197619,0.001544858,0.00001827,0.088416,0.000225,0.00017,0.264300145
sort1K.data,127,1,16,1,16,1000,4000,250,0.000221558,0.000013451,0.092430332,0.00151913,0.001229415,0.000014821,0.079232,0.000255,0.000127,0.281365276
sort1K.data,127,2,16,1,16,1000,4000,250,0.000176626,0.000013631,0.071856759,0.001868519,0.005877438,0.00001344,0.08293,0.000296,0.000177,0.092878519
sort1K.data,127,3,16,1,16,1000,4000,250,0.000245329,0.00001382,0.078748365,0.00184763,0.002820824,0.000013431,0.082105,0.00022,0.000125,0.095306538
sort1K.data,113,0,4,1,4,1000,4000,1000,0.00026163,0.000024791,0.053756108,0.001561059,0.000462657,0.00000497,0.162299,0.000593,0.000306,0.210705853
sort1K.data,113,1,4,1,4,1000,4000,1000,0.0002631,0.00002041,0.041404884,0.001563817,0.000549381,0.00000496,0.166782,0.000534,0.000717,0.208855443
sort1K.data,113,2,4,1,4,1000,4000,1000,0.000219088,0.000017951,0.05461093,0.00176416,0.000525767,0.00000552,0.16123,0.00073,0.001095,0.20691954
sort1K.data,113,3,4,1,4,1000,4000,1000,0.000179827,0.000019001,0.037336595,0.001821331,0.000508807,0.000008101,0.16036,0.000699,0.000312,0.193515442
sort1K.data,92,0,16,1,16,1000,4000,250,0.000270301,0.00001275,0.080926561,0.003245134,0.00147803,0.000021541,0.091435,0.000251,0.000141,1.350883718
sort1K.data,92,1,16,1,16,1000,4000,250,0.00023154,0.00001424,0.082295438,0.003298311,0.003714747,0.000014281,0.086973,0.000268,0.001861,0.09879822
sort1K.data,92,2,16,1,16,1000,4000,250,0.000265461,0.00001375,0.080492603,0.003713744,0.004483652,0.000014801,0.087427,0.000241,0.000173,0.099091711
sort1K.data,92,3,16,1,16,1000,4000,250,0.000282822,0.00001477,0.080010874,0.002854437,0.006632101,0.000014361,0.082425,0.000315,0.000151,0.09661962
sort16M.data,24,0,16,1,16,16000000,6400,400,0.128949328,0.774510528,0.670665582,0.245698211,0.286168787,0.00005136,1.468092,0.104536,0.877671,2.494775039
sort16M.data,24,1,16,1,16,16000000,6400,400,0.253611622,0.806539468,1.182869804,0.113153815,0.55314177,0.00006851,2.126648,0.092927,1.015894,4.040745041
sort16M.data,24,2,16,1,16,16000000,6400,400,0.189703538,0.812797881,1.213819884,0.138697493,0.314672656,0.000049125,2.119416,0.102618,0.85439,3.891812974
sort16M.data,24,3,16,1,16,16000000,6400,400,0.11571399,0.906271996,1.1778994520000001,0.237619058,0.463050406,0.000068596,2.089706,0.095987,1.007166,3.232377987
sort16M.data,136,0,32,1,32,16000000,6400,200,0.02763492,0.681396985,1.224192557,0.542063012,0.394565931,0.00004545,1.7103169999999999,0.034564,1.252875,3.168946556
sort16M.data,136,1,32,1,32,16000000,6400,200,0.026760886,0.690577681,1.205584863,0.556565902,0.694122715,0.000073078,1.573524,0.028887,1.597402,3.410232274
sort16M.data,136,2,32,1,32,16000000,6400,200,0.030162059,0.677313047,1.043424728,0.247055395,0.388821713,0.000057161,1.7776450000000001,0.027962,0.904293,2.920638419
sort16M.data,136,3,32,1,32,16000000,6400,200,0.019406426,0.681540542,1.179238159,0.11040051,0.501539812,0.000207284,1.693536,0.014302,0.983532,3.689520148
sort16M.data,3,0,2,1,2,16000000,6400,3200,0.19709558,0.193496276,2.495006602,0.029368763,0.826108672,0.000047102,1.446378,1.626785,0.94113,4.016100334
sort16M.data,3,1,2,1,2,16000000,6400,3200,0.264833106,0.187712181,2.707628384,0.021467805,0.861909532,0.000061053,1.476548,1.799452,1.081267,5.9017489770000005
sort16M.data,3,2,2,1,2,16000000,6400,3200,0.199540953,0.190320497,2.252344637,0.016935135,1.012385287,0.000045692,1.229535,1.562183,1.191212,5.400991645
sort16M.data,3,3,2,1,2,16000000,6400,3200,0.198805347,0.189233835,2.420412079,0.021715478,0.922796281,0.000059972,1.3729040000000001,1.593778,1.13107,5.538263746
sort1K.data,78,0,4,1,4,1000,4000,1000,0.000186034,0.000048233,0.031937862,0.003087537,0.007018977,0.000013349,0.122184,0.001244,0.006807,0.136428907
sort1K.data,78,1,4,1,4,1000,4000,1000,0.000270771,0.000041594,0.031747076,0.002842284,0.007180381,0.000007282,0.121826,0.00126,0.00689,0.136344669
sort1K.data,78,2,4,1,4,1000,4000,1000,0.00020047,0.000048513,0.033128267,0.002697868,0.002259741,0.000008331,0.126701,0.001171,0.002295,0.132372465
sort1K.data,78,3,4,1,4,1000,4000,1000,0.000211526,0.000045911,0.030300169,0.002881193,0.004794368,0.00000672,0.124341,0.001467,0.003799,0.133621291
sort1M.data,128,0,16,1,16,1000000,4000,250,0.003771523,0.042385324,0.210328147,0.016095582,0.043791318,0.000029567,0.256656,0.000408,0.080515,0.39011741
sort1M.data,128,1,16,1,16,1000000,4000,250,0.003636918,0.042132046,0.212286753,0.014601663,0.049682205,0.000037327,0.255293,0.001498,0.085459,0.389081052
sort1M.data,128,2,16,1,16,1000000,4000,250,0.002568023,0.04299817,0.21946793,0.306684763,0.042856546,0.000045056,0.255779,0.000636,0.391635,1.285267849
sort1M.data,128,3,16,1,16,1000000,4000,250,0.002768073,0.042239022,0.238201746,0.016428806,0.044238608,0.000032034,0.267217,0.00019,0.187268,0.490867535
sort1K.data,120,0,8,1,8,1000,4000,500,0.000219812,0.00004938,0.057635133,0.003042978,0.005493232,0.000018901,0.125412,0.00062,0.000213,0.152816045
sort1K.data,120,1,8,1,8,1000,4000,500,0.000207078,0.000044934,0.044103478,0.00269433,0.006060692,0.000008651,0.132816,0.000586,0.005947,0.145310814
sort1K.data,120,2,8,1,8,1000,4000,500,0.000247438,0.000044876,0.044254786,0.002708695,0.005115192,0.000018519,0.133501,0.00065,0.005745,0.144660412
sort1K.data,120,3,8,1,8,1000,4000,500,0.00025575,0.000045463,0.04514598,0.003055346,0.004155329,0.000008729,0.134155,0.000523,0.005078,0.145961046
sort1M.data,86,0,8,1,8,1000000,4000,500,0.002891931,0.044060187,0.195078685,0.021199714,0.037563765,0.000020412,0.249563,0.002162,0.072756,0.334149804
sort1M.data,86,1,8,1,8,1000000,4000,500,0.003264528,0.043262326,0.202748417,0.022191467,0.039139511,0.00003736,0.249558,0.002615,0.082187,0.427162792
sort1M.data,86,2,8,1,8,1000000,4000,500,0.00276587,0.043667477,0.217315407,0.019413911,0.045113172,0.000035689,0.259589,0.002529,0.087594,0.394581212
sort1M.data,86,3,8,1,8,1000000,4000,500,0.002365184,0.043177387,0.197464613,0.020981471,0.036138982,0.000038188,0.251028,0.001463,0.077645,0.442300571
sort1M.data,93,0,16,1,16,1000000,4000,250,0.002816015,0.04313198,0.419964634,0.015615655,0.044524682,0.000040301,0.253544,0.000488,0.210874,0.605806761
sort1M.data,93,1,16,1,16,1000000,4000,250,0.003802487,0.043121263,0.207839772,0.015159877,0.059750459,0.000046174,0.255663,0.000918,0.095471,0.39766866
sort1M.data,93,2,16,1,16,1000000,4000,250,0.0028859,0.043002,0.21141681,0.153189608,0.101775128,0.000039798,0.259953,0.000533,0.32594,1.101415396
sort1M.data,93,3,16,1,16,1000000,4000,250,0.002746015,0.043668229,0.206368214,0.023349624,0.060373869,0.000036964,0.255598,0.000358,0.179524,0.479850543
sort1M.data,79,0,4,1,4,1000000,4000,1000,0.003844912,0.042172639,0.29768776,0.025946792,0.029497671,0.000023327,0.24925,0.007492,0.069612,0.378872689
sort1M.data,79,1,4,1,4,1000000,4000,1000,0.003646929,0.04188153,0.376297472,0.026738077,0.030451215,0.000024485,0.332406,0.010082,0.080296,0.45308537
sort1M.data,79,2,4,1,4,1000000,4000,1000,0.00343747,0.042458445,0.409031283,0.02590444,0.028873746,0.00002748,0.347771,0.01059,0.080173,0.471014319
sort1M.data,79,3,4,1,4,1000000,4000,1000,0.002902724,0.042410208,0.372244971,0.027340496,0.029239134,0.000021514,0.332486,0.01004,0.079573,0.451298705
sort1M.data,121,0,8,1,8,1000000,4000,500,0.003431279,0.043567176,0.198994899,0.015491039,0.036268495,0.000018225,0.359473,0.003579,0.089783,0.463484092
sort1M.data,121,1,8,1,8,1000000,4000,500,0.004247365,0.043512296,0.186161555,0.01430396,0.035561478,0.000033064,0.350114,0.002236,0.094358,0.480252485
sort1M.data,121,2,8,1,8,1000000,4000,500,0.00269305,0.043904838,0.185639123,0.020569296,0.030888171,0.000034438,0.359377,0.003595,0.098064,0.488983056
sort1M.data,121,3,8,1,8,1000000,4000,500,0.003621702,0.04275108,0.182395404,0.01389291,0.036648838,0.000034761,0.349492,0.002941,0.092017,0.483014489
sort16M.data,101,0,32,1,32,16000000,6400,200,0.023412897,0.688546802,1.0654919,0.557758495,0.501421536,0.000078977,1.7057989999999998,0.031804,1.243391,4.297624341
sort16M.data,101,1,32,1,32,16000000,6400,200,0.059022932,0.683338605,0.975704358,0.168330213,0.545377266,0.000089388,1.798139,0.030099,1.266552,3.166898607
sort16M.data,101,2,32,1,32,16000000,6400,200,0.02139915,0.693484526,1.507451133,0.104474362,0.463337957,0.000052498,1.948475,0.026615,0.883039,3.034382906
sort16M.data,101,3,32,1,32,16000000,6400,200,0.024902456,0.681706348,1.634386339,0.111286185,0.574066348,0.0001371,2.128837,0.021486,1.9755099999999999,5.137861901
sort256M.data,47,0,4,1,4,256000000,102400,25600,
sort256M.data,47,1,4,1,4,256000000,102400,25600,
sort256M.data,47,2,4,1,4,256000000,102400,25600,
sort256M.data,47,3,4,1,4,256000000,102400,25600,
sort16M.data,73,0,2,1,2,16000000,6400,3200,0.283603504,0.189005617,2.490607344,0.070631904,0.727155177,0.000031281,1.348814,1.792057,0.893033,4.032768331
sort16M.data,73,1,2,1,2,16000000,6400,3200,0.334763399,0.186040566,2.359612022,0.079015727,0.63917682,0.000043432,1.409553,1.589294,0.923557,4.711564011
sort16M.data,73,2,2,1,2,16000000,6400,3200,0.268557701,0.185924421,2.45208529,0.072867081,0.673267688,0.000051272,1.412498,1.673569,0.949589,4.714271414
sort16M.data,73,3,2,1,2,16000000,6400,3200,0.275257879,0.184740435,2.291591075,0.054352717,0.815063126,0.000044401,1.198431,1.7224140000000001,1.060497,4.658844405
sort16M.data,38,0,2,1,2,16000000,6400,3200,0.017203269,0.714205808,2.597441193,0.052362832,0.738827825,0.00009037,1.83839,1.774395,1.124411,4.745349196
sort16M.data,38,1,2,1,2,16000000,6400,3200,0.036760928,0.770581379,2.5909927440000002,0.059898093,0.678848346,0.000035035,2.0598,1.627329,1.208224,5.687254354
sort16M.data,38,2,2,1,2,16000000,6400,3200,0.014782321,0.727499922,2.437424207,0.062358161,0.611666273,0.000044366,1.672508,1.744899,1.134566,5.338028973
sort16M.data,38,3,2,1,2,16000000,6400,3200,0.016697092,0.719429975,2.50379636,0.054020902,0.646370726,0.000025512,1.7440440000000001,1.82663,1.169733,5.567873741
sort1M.data,114,0,4,1,4,1000000,4000,1000,0.019437659,0.01162634,0.195824538,0.004598479,0.045065842,0.000023941,0.156646,0.000351,4.192949,4.4096145159999995
sort1M.data,114,1,4,1,4,1000000,4000,1000,0.019908617,0.010962414,0.182590643,0.002915408,0.042670504,0.000016601,0.150199,0.000696,0.059424,0.26892872
sort1M.data,114,2,4,1,4,1000000,4000,1000,0.018741558,0.011381264,0.16455944,0.001816918,0.054792444,0.000018631,0.155468,0.000577,0.072254,0.273374933
sort1M.data,114,3,4,1,4,1000000,4000,1000,0.016329023,0.011575253,0.182322592,0.003350337,0.050485497,0.000022181,0.161185,0.00035,0.068581,0.273613302
sort1K.data,85,0,8,1,8,1000,4000,500,
sort1K.data,85,1,8,1,8,1000,4000,500,0.000233083,0.000051293,0.044762176,0.003516861,0.004792623,0.000023341,0.144721,0.000712,0.004617,0.1552442
sort1K.data,85,2,8,1,8,1000,4000,500,0.00027282,0.000048512,0.045020502,0.003131146,0.007708334,0.000009815,0.141332,0.000723,0.007347,0.153426859
sort1K.data,85,3,8,1,8,1000,4000,500,
sort16M.data,94,0,16,1,16,16000000,6400,400,0.026589146,0.671264466,0.817877797,0.25601453,0.342837064,0.000027974,1.401747,0.137246,0.810268,2.374960778
sort16M.data,94,1,16,1,16,16000000,6400,400,0.047670621,0.666137443,1.062817393,0.227949012,0.321233547,0.000043708,1.655293,0.133499,0.741145,3.367942844
sort16M.data,94,2,16,1,16,16000000,6400,400,0.042727423,0.665828471,1.236419403,0.203562975,0.320389261,0.00004392,1.819883,0.123258,0.822001,3.592291549
sort16M.data,94,3,16,1,16,16000000,6400,400,0.027144205,0.672272216,0.974428524,0.192972991,0.398553402,0.000154009,1.5594130000000002,0.126633,0.886531,3.359855905
sort16M.data,129,0,16,1,16,16000000,6400,400,0.039944894,0.665275103,1.054615695,0.148437151,0.542314569,0.000052967,1.673576,0.100398,0.886235,3.506525378
sort16M.data,129,1,16,1,16,16000000,6400,400,0.208437827,0.674680419,1.264729188,0.159439895,0.517358333,0.000077661,2.078223,0.087862,0.970744,3.989253935
sort16M.data,129,2,16,1,16,16000000,6400,400,0.037221908,0.670648788,1.082315807,0.144081679,0.516470688,0.000041063,1.721111,0.093151,0.956022,3.582143821
sort16M.data,129,3,16,1,16,16000000,6400,400,0.035766388,0.658343526,1.069339834,0.163225389,0.581341638,0.000047653,1.695166,0.085175,1.043992,3.637443761
sort16M.data,87,0,8,1,8,16000000,6400,800,0.031989846,0.736037286,1.137809445,0.072835961,0.580497337,0.000038472,1.70031,0.223332,0.984384,2.941504508
sort16M.data,87,1,8,1,8,16000000,6400,800,0.318094237,0.744203731,1.585175623,0.048173899,0.626353114,0.022580629,2.4328279999999998,0.231215,1.106366,4.660049356
sort16M.data,87,2,8,1,8,16000000,6400,800,0.029824006,0.744480339,1.239890057,0.044457137,0.69046348,0.000064475,1.7584089999999999,0.22423,1.196993,4.023648433
sort16M.data,87,3,8,1,8,16000000,6400,800,0.023093859,0.746684053,1.034125883,0.055228823,0.503659157,0.000061556,1.630102,0.232057,1.00036,3.679419718
sort16M.data,122,0,8,1,8,16000000,6400,800,0.019943027,0.750290298,0.822236018,0.079993884,0.442708354,0.000047624,1.438908,0.228866,0.878312,2.569630102
sort16M.data,122,1,8,1,8,16000000,6400,800,0.312080216,0.768702951,1.642922516,0.04500839,0.550717002,0.009249457,2.530183,0.22405,1.060005,4.657529142
sort16M.data,122,2,8,1,8,16000000,6400,800,0.027682156,0.758143036,1.235668719,0.039004534,0.599390325,0.000121717,1.7952620000000001,0.226913,1.108177,3.962942067
sort16M.data,122,3,8,1,8,16000000,6400,800,0.021525496,0.765986705,1.047417383,0.058815849,0.509133771,0.000056911,1.706415,0.218446,1.021125,3.733084183
sort16M.data,80,0,4,1,4,16000000,6400,1600,0.043479829,0.844727258,1.363838657,0.177873987,0.258356317,0.00003355,1.476361,1.007857,0.758126,3.2476731660000002
sort16M.data,80,1,4,1,4,16000000,6400,1600,0.447219113,0.970137182,1.765369746,0.226277421,0.265688224,0.000055707,2.600202,0.805572,0.910922,5.135545927
sort16M.data,80,2,4,1,4,16000000,6400,1600,0.09803253,0.79998944,1.477065791,0.181025717,0.296427234,0.000075932,1.655481,0.807859,0.957576,4.189414408
sort16M.data,80,3,4,1,4,16000000,6400,1600,0.045962347,0.926949626,1.341693684,0.174504695,0.300748966,0.000074741,1.624593,0.781497,0.976167,4.219799589
sort64M.data,46,0,4,1,4,64000000,25600,6400,0.59857156,0.774758257,4.130037458,0.487462734,2.199877551,0.000043382,3.329178,2.610154,3.37783,9.336682035
sort64M.data,46,1,4,1,4,64000000,25600,6400,0.857543853,0.768976941,3.983331836,4.961189235,4.797611704,0.000026211,3.306051,2.553611,9.934039,15.816430556
sort64M.data,46,2,4,1,4,64000000,25600,6400,0.569839619,0.792146303,3.586275475,0.396598631,1.247376439,0.000886473,2.712168,2.576583,2.356276,7.719719117
sort64M.data,46,3,4,1,4,64000000,25600,6400,0.544785347,0.802016296,3.620222511,0.564542687,1.125787963,0.000032231,2.856742,2.6334340000000003,2.6163030000000003,8.126940512000001
sort1K.data,106,0,2,1,2,1000,4000,2000,0.000170236,0.000015,0.04896625,0.00184789,0.005101565,0.000004841,0.073831,0.001293,0.005146,0.081836421
sort1K.data,106,1,2,1,2,1000,4000,2000,0.000158425,0.000012801,0.04983392,0.001893612,0.006917902,0.00000437,0.072414,0.001506,0.006367,0.082265995
sort1K.data,106,2,2,1,2,1000,4000,2000,0.000226998,0.00001385,0.02943071,0.0018738,0.008378578,0.00000435,0.060925,0.00133,0.008034,0.073459601
sort1K.data,106,3,2,1,2,1000,4000,2000,0.000211507,0.00001408,0.049804956,0.002005203,0.005622404,0.00000402,0.073513,0.001468,0.005403,0.081739988
sort64M.data,11,0,4,1,4,64000000,25600,6400,1.228134556,0.959112878,4.34580928,0.22141796,2.857945799,0.000036691,4.151129,2.758476,3.400179,10.343765591
sort64M.data,11,1,4,1,4,64000000,25600,6400,1.409151579,0.967554904,4.8865777999999995,0.020807547,6.36231232,0.0007214,4.8915880000000005,2.679472,6.480342,14.082536784
sort64M.data,11,2,4,1,4,64000000,25600,6400,1.215770752,0.98452222,3.689807791,2.108504333,1.309372111,0.000039281,4.212327,2.378085,4.296812,10.938013277
sort64M.data,11,3,4,1,4,64000000,25600,6400,1.1846593460000001,0.952232933,3.945896526,0.86800058,1.200424084,0.000886897,4.563388,2.175266,2.940189,9.73902364
sort1M.data,107,0,2,1,2,1000000,4000,2000,0.014976722,0.01401372,0.274407792,0.231038087,0.17116517,0.000021361,0.20853,0.012012,0.576631,0.970595641
sort1M.data,107,1,2,1,2,1000000,4000,2000,0.019552744,0.013257435,0.442945708,0.192253095,0.153980564,0.000020761,0.294533,0.012119,0.489331,1.05735509
sort1M.data,107,2,2,1,2,1000000,4000,2000,0.014729831,0.012393084,0.553651186,0.313645561,0.147795497,0.000021051,0.392201,0.013764,0.602035,1.221887543
sort1M.data,107,3,2,1,2,1000000,4000,2000,0.014941177,0.013461524,0.652007292,0.061182331,0.046295328,0.000021881,0.386542,0.015731,0.300011,0.792290704
sort16M.data,115,0,4,1,4,16000000,6400,1600,0.116390333,0.199709579,1.010221916,0.012174391,0.58167296,0.000034791,0.796415,0.536886,0.68653,2.684112077
sort16M.data,115,1,4,1,4,16000000,6400,1600,0.462049202,0.20657828,1.946162285,0.0267462,0.568337427,0.000040251,2.004172,0.460321,0.814153,4.807869985
sort16M.data,115,2,4,1,4,16000000,6400,1600,0.146238646,0.19442373,1.057888016,0.098006563,0.571862335,0.00002307,0.800478,0.601305,2.098266,3.527991175
sort16M.data,115,3,4,1,4,16000000,6400,1600,0.115081618,0.217462656,1.254970955,0.042384406,0.54026468,0.000046662,1.071239,0.497653,0.768392,3.140077953
sort16M.data,108,0,2,1,2,16000000,6400,3200,0.204327357,0.205740112,3.123523289,0.531182765,0.899349515,0.000041612,1.960008,1.793644,1.697864,5.465079036
sort16M.data,108,1,2,1,2,16000000,6400,3200,0.26633013,0.197908825,3.104069365,0.056692418,0.693320278,0.000048192,2.030002,1.728404,0.882688,5.346735163
sort16M.data,108,2,2,1,2,16000000,6400,3200,0.207384002,0.199442638,2.65454656,0.065823522,0.685775051,0.000054072,1.511712,1.737772,0.974836,5.695754806
sort16M.data,108,3,2,1,2,16000000,6400,3200,0.20235353,0.202046234,3.47618649,0.338005212,1.975519839,0.000060972,2.292568,1.7821,2.721172,8.55380869
sort64M.data,18,0,8,1,8,64000000,25600,3200,8.856821586,1.006582049,3.870196042,5.657014327,3.889688184,0.000562681,13.289332,1.140799,9.622056,24.228163298
sort64M.data,18,1,8,1,8,64000000,25600,3200,6.91190216,0.970251928,2.268346721,3.112282841,1.218148154,0.000056992,9.477098,1.085408,5.343488,16.32966965
sort64M.data,18,2,8,1,8,64000000,25600,3200,4.624694692,0.82036682,4.73351496,2.687565912,1.332309008,0.000070002,9.20332,1.071242,4.991475,15.392255732
sort64M.data,18,3,8,1,8,64000000,25600,3200,4.522433629,0.872709559,3.19995579,1.156328144,3.043258716,0.000051252,7.64686,1.07398,4.151305,13.082453116
sort64M.data,25,0,16,1,16,64000000,25600,1600,5.352673283,3.259563254,3.000060816,2.3293264799999998,0.612636651,0.0067513,11.420664,0.674644,4.391868,16.707394044
sort64M.data,25,1,16,1,16,64000000,25600,1600,4.181080337,3.160239445,6.5808709,0.562860927,4.526963675,0.000117153,13.595071,0.678121,4.924783,19.406419559
sort64M.data,25,2,16,1,16,64000000,25600,1600,4.217360289,3.212575303,6.535446084,0.67577512,4.636949028,0.000055169,13.768825,0.685358,5.156444,19.823089663
sort64M.data,25,3,16,1,16,64000000,25600,1600,4.025391198,3.230978474,6.44055863,2.976589407,0.581555093,0.000088583,13.520671,0.655661,4.987706,19.395194309
sort64M.data,137,0,32,1,32,64000000,25600,800,4.048123218,3.051112837,5.961402821,0.364690104,4.825907089,0.003701893,13.067907,0.200586,4.873549,18.614509187
sort64M.data,137,1,32,1,32,64000000,25600,800,3.5203065000000002,2.941479325,5.876039484,0.332319556,4.838601806,0.000115146,12.396113,0.194524,4.882197,17.913708839
sort64M.data,137,2,32,1,32,64000000,25600,800,3.323460215,2.9511439,6.206521504,0.700002406,4.567694398,0.00018661,12.524171,0.193449,4.963861,18.144014661
sort64M.data,137,3,32,1,32,64000000,25600,800,3.476328232,2.9363425850000002,6.129615555,0.773976651,4.507634887,0.00012566,12.553854,0.190349,4.979636,18.179010995
sort64M.data,53,0,8,1,8,64000000,25600,3200,7.951469943,0.951910686,3.16272442,4.9883866569999995,1.330717498,0.0394028,12.050396,0.981075,6.743009,20.018582351
sort64M.data,53,1,8,1,8,64000000,25600,3200,12.905217167,0.930836389,3.252150083,0.945380753,2.88206696,0.000058792,16.284472,0.97588,3.786683,21.252325533
sort64M.data,53,2,8,1,8,64000000,25600,3200,10.444115082,0.826950653,2.042156707,2.828649382,1.077167305,0.000059662,12.402796,1.03906,4.444322,18.049100072
sort64M.data,53,3,8,1,8,64000000,25600,3200,7.530438662,0.795797871,1.668739158,2.414013444,1.355043873,0.000135425,9.251675,0.953259,4.382611,19.940598442
sort64M.data,32,0,32,1,32,64000000,25600,800,4.487458577,3.305607558,6.616125685,0.637715466,4.623773249,0.00112099,14.586668,0.275837,4.88465,20.243808277
sort64M.data,32,1,32,1,32,64000000,25600,800,3.5718197529999998,3.3413613189999998,6.924157041,0.734371913,5.008722861,0.000139802,13.868415,0.277406,5.373084,20.056604091
sort64M.data,32,2,32,1,32,64000000,25600,800,3.743414756,3.286565482,7.097434592,0.736818342,4.844134958,0.000145063,14.1273,0.276497,5.197616,20.148775703
sort64M.data,32,3,32,1,32,64000000,25600,800,3.851858461,3.31410061,6.344670177,1.970747683,3.053898814,0.000110411,13.606581,0.272735,5.446332,19.866190483
sort64M.data,116,0,4,1,4,64000000,25600,6400,0.415576601,0.821031112,3.915346209,1.227957983,2.235943564,0.000068503,2.806047,2.58778,4.587264,10.710115575
sort64M.data,116,1,4,1,4,64000000,25600,6400,0.669763268,0.829493935,3.842550655,1.402519394,3.097499722,0.075744945,2.936817,2.552698,4.561173,10.165019851
sort64M.data,116,2,4,1,4,64000000,25600,6400,0.369235384,0.857882928,4.033656675,0.156345657,1.93642699,0.000032731,3.026987,2.605767,2.372382,8.042502823
sort64M.data,116,3,4,1,4,64000000,25600,6400,0.334376358,0.883590155,3.941311967,0.172265172,1.916637962,0.000034801,3.056797,2.446078,2.358949,7.897502832
sort64M.data,123,0,8,1,8,64000000,25600,3200,2.977932852,3.594138314,3.207231555,1.472580107,1.383463512,0.003351031,9.254615,1.016318,4.315958,14.712969017
sort64M.data,123,1,8,1,8,64000000,25600,3200,4.888740166,4.113172117,3.18008213,2.125669009,1.579931192,0.000125734,11.420409,1.122007,5.808408,18.482617313
sort64M.data,123,2,8,1,8,64000000,25600,3200,4.145191547,3.710220956,4.445071495,2.349485595,1.5285926170000002,0.000061457,11.399145,1.126669,6.627936,19.268783034
sort64M.data,123,3,8,1,8,64000000,25600,3200,4.99853663,3.214881732,2.367012982,1.679517411,1.602957386,0.000098204,9.715986000000001,1.110576,4.828045,15.76397617
sort64M.data,74,0,2,1,2,64000000,25600,12800,0.518808269,0.79775524,12.239487128,0.047366452,13.241921032,0.000042951,6.625652,7.610096,13.300501,27.542662677
sort64M.data,74,1,2,1,2,64000000,25600,12800,0.759566383,0.76970865,12.065487654,0.799143817,6.339913571,0.000042761,6.266145,8.092934,7.460023,21.834294538
sort64M.data,74,2,2,1,2,64000000,25600,12800,0.484755527,0.817521658,11.255909502,0.361541533,7.215633615,0.000040501,4.894612,8.321392,7.659414,20.912004683
sort64M.data,74,3,2,1,2,64000000,25600,12800,0.478949945,0.800236791,10.223064004,0.220125656,6.51611576,0.000043281,3.5086500000000003,8.789766,6.961378,19.269725129
sort64M.data,39,0,2,1,2,64000000,25600,12800,0.522324512,0.786440078,12.923443698,0.004178548,13.244972952,0.000041971,7.169376,7.759726,13.300523,28.234635496
sort64M.data,39,1,2,1,2,64000000,25600,12800,0.749838562,0.771965821,11.591195579,0.833414834,5.991483806,0.000073162,5.998463,7.8711839999999995,6.942247,20.998041265
sort64M.data,39,2,2,1,2,64000000,25600,12800,0.503814265,0.78559538,11.559179663,0.303496022,7.285803564,0.000044181,5.066782,8.443525,7.749544,21.295588338
sort64M.data,39,3,2,1,2,64000000,25600,12800,0.498871199,0.777593302,10.166097752,0.23931736,6.5042673650000005,0.000041492,3.541205,8.689348,7.044715,19.280623291
sort64M.data,102,0,32,1,32,64000000,25600,800,5.797192401,3.083018491,6.504155031,1.537553864,4.870636013,0.000351562,15.431408,0.20118,6.207366,22.278637638
sort64M.data,102,1,32,1,32,64000000,25600,800,4.105864197,3.006039739,5.721311022,1.7969257870000002,3.603412935,0.000112835,12.914023,0.189959,5.604474,19.352279816
sort64M.data,102,2,32,1,32,64000000,25600,800,5.089308913,2.992681893,6.128299229,3.251440312,3.474297756,0.000071177,14.307503,0.199989,6.298336,21.378878303
sort64M.data,102,3,32,1,32,64000000,25600,800,3.939952744,2.99865928,6.296350125,1.309714378,4.118468924,0.000068655,13.301826,0.20018,5.188001,22.377206766
sort64M.data,88,0,8,1,8,64000000,25600,3200,3.471604256,2.9698540209999997,5.7566609589999995,0.287859103,5.188546468,0.001514608,11.622757,1.007801,5.427802,18.230921525
sort64M.data,88,1,8,1,8,64000000,25600,3200,4.40770247,3.05039431,5.636730498,0.241535736,5.312709039,0.000091892,12.24698,1.096321,5.597683,19.119022642
sort64M.data,88,2,8,1,8,64000000,25600,3200,4.033944634,2.847549392,4.079781683,1.073171793,1.180595137,0.00006275,10.150168,1.058866,3.716775,16.783548659
sort64M.data,88,3,8,1,8,64000000,25600,3200,4.9168072590000005,2.857385039,2.640688888,2.288944111,1.290445848,0.00003701,9.575791,1.06244,5.359165,16.043419474
sort64M.data,4,0,2,1,2,64000000,25600,12800,0.510988002,0.835347831,12.112800904,0.034303323,11.975099905,0.000052022,6.716077,7.7067820000000005,12.713042,27.144732226
sort64M.data,4,1,2,1,2,64000000,25600,12800,0.749072629,0.788922832,12.351475851,0.813061356,6.338352171,0.000041482,6.466692,8.060623,7.563721,22.098205813
sort64M.data,4,2,2,1,2,64000000,25600,12800,0.493729456,0.815925221,11.102916999,0.325521862,7.2574827729999996,0.000044541,4.950579,8.170918,7.748926,20.896213895
sort64M.data,4,3,2,1,2,64000000,25600,12800,0.478124229,0.815466446,10.5812671,0.014797335,6.398448844,0.000074983,3.763255,8.792331,6.644153,22.529245711
sort64M.data,130,0,16,1,16,64000000,25600,1600,5.152767183,3.158418733,3.456103982,2.5780075399999998,1.011435804,0.001973223,11.844913,0.581473,4.942384,17.543139477
sort64M.data,130,1,16,1,16,64000000,25600,1600,3.869504767,2.903691259,5.907368181,0.526605577,4.404319927,0.000084011,12.500919,0.65684,4.785285,18.131159428
sort64M.data,130,2,16,1,16,64000000,25600,1600,4.001359726,2.99783236,6.356270175,0.489874597,4.487168397,0.000084251,13.298911,0.622481,4.832584,18.930171984
sort64M.data,130,3,16,1,16,64000000,25600,1600,3.761655272,3.037127572,5.697019048,1.258101712,3.171856466,0.002659921,12.415505,0.650939,5.015732,18.309190024
sort64M.data,81,0,4,1,4,64000000,25600,6400,2.740410416,0.872184722,3.232188416,2.5233251020000003,1.405414467,0.033910679,5.024039,2.323759,4.357196,11.862158397
sort64M.data,81,1,4,1,4,64000000,25600,6400,5.709196154,0.846599237,2.703954015,6.636902169,3.038041146,0.000037852,7.240526,2.41079,10.366486,20.077386688
sort64M.data,81,2,4,1,4,64000000,25600,6400,5.630465659,0.911391156,2.468416143,0.875766766,1.350452708,0.000051663,6.94355,2.508077,3.362549,12.867577302
sort64M.data,81,3,4,1,4,64000000,25600,6400,2.906521573,0.847575662,2.239450728,4.502963254,1.348943135,0.000036482,3.946028,2.358498,6.952051,13.317994254
sort64M.data,67,0,32,1,32,64000000,25600,800,9.800719422,3.236024992,7.6600626720000005,0.564889261,7.83897683,0.001447625,20.71047,0.250925,8.058276,29.527880402
sort64M.data,67,1,32,1,32,64000000,25600,800,5.014545147,3.046465657,8.509419668,0.128351952,14.398296866,0.000111463,16.567402,0.257816,8.972758,31.521561698
sort64M.data,67,2,32,1,32,64000000,25600,800,8.092772885,3.137330799,6.107345862,3.418367778,4.903668032,0.00236475,17.361299,0.253309,8.498447,26.807593312
sort64M.data,67,3,32,1,32,64000000,25600,800,3.523521671,2.992308522,6.383401358,0.03155632,10.414596323,0.000091326,12.98645,0.260859,9.199542,23.848643731
sort64M.data,95,0,16,1,16,64000000,25600,1600,9.839310151,0.998412989,4.288884272,0.975676171,3.948973968,0.000054482,15.119833,0.478769,4.779666,20.566336806
sort64M.data,95,1,16,1,16,64000000,25600,1600,11.769885768,0.956536873,4.461269064,0.792167805,9.890290857,0.000041422,17.112876,0.471618,10.56773,28.31134735
sort64M.data,95,2,16,1,16,64000000,25600,1600,11.183646963,0.982870036,4.341191512,0.915343726,5.059881941,0.000043352,16.412355,0.482238,5.788333,22.909078747
sort64M.data,95,3,16,1,16,64000000,25600,1600,10.592044782,0.971489197,4.341824818,0.992017472,5.265600226,0.000046521,15.79701,0.485908,6.089507,22.58831312
sort64M.data,60,0,16,1,16,64000000,25600,1600,12.074718017,0.985244633,4.264948677,1.403113103,5.041141522,0.000059962,17.731592,0.417104,6.160011,24.716491131
sort64M.data,60,1,16,1,16,64000000,25600,1600,18.882743308,0.945505296,4.247049231,1.662625708,5.703153091,0.000082494,24.034941,0.451877,7.050674,31.897822845
sort64M.data,60,2,16,1,16,64000000,25600,1600,19.346911824,0.984665517,4.696313209,1.865515071,4.590056668,0.000142245,25.127043,0.445687,6.252453,47.173470955
sort64M.data,60,3,16,1,16,64000000,25600,1600,12.011256092,0.896536703,3.3782720299999998,1.03978454,4.378850826,0.000064203,16.010761,0.413711,5.558218,22.195232377
sort64M.data,109,0,2,1,2,64000000,25600,12800,0.042790535,2.699532439,12.517866091,2.889276826,3.966941399,0.000036452,2.950364,13.533157,6.951765,23.443040102
sort64M.data,109,1,2,1,2,64000000,25600,12800,0.047799265,2.7015717009999998,12.238389719,0.086911901,5.446019408,0.000063999,3.187322,13.034071,5.848596,22.078973628
sort64M.data,109,2,2,1,2,64000000,25600,12800,0.043233217,2.677636235,13.745489032,0.016549754,5.132087619,0.000059808,2.9135619999999998,14.792213,5.609052,26.551051315
sort64M.data,109,3,2,1,2,64000000,25600,12800,0.044284402,2.6477880000000003,11.310583627,0.014643701,5.324855077,0.000038662,2.82124,12.214591,5.779505,24.114828887
sort256M.data,12,0,4,1,4,256000000,102400,25600,1.435877396,3.090013096,18.32391577,0.600441691,7.853927851,0.000487217,10.830557,11.673344,9.648056,32.412861793
sort256M.data,12,1,4,1,4,256000000,102400,25600,2.9225033590000002,3.188224229,16.890029583,0.703646852,11.751672677,0.001139541,11.481087,11.208424,14.872413,37.906561273
sort256M.data,12,2,4,1,4,256000000,102400,25600,1.20315331,3.161459316,18.614549809,0.648649258,7.924039867,0.000024961,11.373059,11.439765,10.832126,33.883599494
sort256M.data,12,3,4,1,4,256000000,102400,25600,1.2258127540000001,3.25427151,18.472891173,0.507688346,9.040185629,0.000023071,11.004346,11.496201,10.46306,33.198186047
sort1G.data,55,0,8,1,8,1000000000,400000,50000,
sort1G.data,55,1,8,1,8,1000000000,400000,50000,
sort1G.data,55,2,8,1,8,1000000000,400000,50000,
sort1G.data,55,3,8,1,8,1000000000,400000,50000,
sort256M.data,54,0,8,1,8,256000000,102400,12800,4.871592516,3.276066264,12.109718238,5.758178764,6.678815457,0.000939367,15.339393,4.399455,13.483939,33.955783854
sort256M.data,54,1,8,1,8,256000000,102400,12800,18.108981295,3.07929718,7.22746876,1.810463613,12.02612931,0.000038422,23.078636,4.589862,13.951069,42.364583087
sort256M.data,54,2,8,1,8,256000000,102400,12800,22.314955286,3.04261643,7.722075671,4.697699607,7.853880562,0.000047172,27.770524,4.503669,14.127364,47.213507024
sort256M.data,54,3,8,1,8,256000000,102400,12800,22.196820129,3.055177329,7.256922136,4.550536663,7.690422032,0.000038152,27.243124,4.489113,13.71246,46.278138552
sort256M.data,26,0,16,1,16,256000000,102400,6400,16.316839393,3.487443252,12.641739448,4.085766353,9.533182597,0.000079923,30.393816,2.145752,13.092974,46.308226508
sort256M.data,26,1,16,1,16,256000000,102400,6400,16.594965587,3.268677676,11.492193011,6.160181064,6.455937627,0.000067623,29.166409,2.162426,13.518854,45.527179865
sort256M.data,26,2,16,1,16,256000000,102400,6400,16.251461911,3.061971568,11.327794695,3.566201345,9.268241284,0.000042962,28.376998,2.160074,12.536688,43.663027112
sort256M.data,26,3,16,1,16,256000000,102400,6400,16.369683168999998,3.078308222,12.069220525,6.159023417,6.13025244,0.000047572,29.288176,2.144289,13.320734,45.27014256
sort256M.data,117,0,4,1,4,256000000,102400,25600,1.758380235,3.107553704,19.067326759,3.315188998,5.716978834,0.000056102,10.528608,13.041006,11.920299,42.709674528
sort256M.data,117,1,4,1,4,256000000,102400,25600,2.60617551,3.033965739,17.729748228,0.64647417,8.114856947,0.000037791,8.376415,14.779703,10.68564,33.977178358
sort256M.data,117,2,4,1,4,256000000,102400,25600,1.495028558,3.169070099,18.89304672,0.786107797,12.415616773,0.000029341,9.540692,13.87609,15.945595,39.428648267
sort256M.data,117,3,4,1,4,256000000,102400,25600,1.499199448,3.148375006,19.710486615,0.408382419,16.460922907,0.000052092,10.489539,13.549646,17.984913,42.105855672
sort1G.data,27,0,16,1,16,1000000000,400000,25000,
sort1G.data,27,1,16,1,16,1000000000,400000,25000,
sort1G.data,27,2,16,1,16,1000000000,400000,25000,
sort1G.data,27,3,16,1,16,1000000000,400000,25000,
sort1G.data,62,0,16,1,16,1000000000,400000,25000,
sort1G.data,62,1,16,1,16,1000000000,400000,25000,
sort1G.data,62,2,16,1,16,1000000000,400000,25000,
sort1G.data,62,3,16,1,16,1000000000,400000,25000,
sort1G.data,20,0,8,1,8,1000000000,400000,50000,
sort1G.data,20,1,8,1,8,1000000000,400000,50000,
sort1G.data,20,2,8,1,8,1000000000,400000,50000,
sort1G.data,20,3,8,1,8,1000000000,400000,50000,
sort100.data,21,0,16,1,16,100,4000,250,
sort100.data,21,1,16,1,16,100,4000,250,
sort100.data,21,2,16,1,16,100,4000,250,
sort100.data,21,3,16,1,16,100,4000,250,
sort1G.data,132,0,16,1,16,1000000000,400000,25000,
sort1G.data,132,1,16,1,16,1000000000,400000,25000,
sort1G.data,132,2,16,1,16,1000000000,400000,25000,
sort1G.data,132,3,16,1,16,1000000000,400000,25000,
sort1G.data,97,0,16,1,16,1000000000,400000,25000,
sort1G.data,97,1,16,1,16,1000000000,400000,25000,
sort1G.data,97,2,16,1,16,1000000000,400000,25000,
sort1G.data,97,3,16,1,16,1000000000,400000,25000,
sort256M.data,89,0,8,1,8,256000000,102400,12800,18.570165485,3.73654134,18.295768906,3.822359562,11.985399825,0.096914374,34.546712,5.257551,15.599379,56.20750507
sort256M.data,89,1,8,1,8,256000000,102400,12800,27.078173693,3.519427089,14.050081045,3.708563092,12.655732312,0.000051502,38.488894,5.212471,16.466011,60.994905695
sort256M.data,89,2,8,1,8,256000000,102400,12800,31.864174605,3.301978065,6.988189822,5.696163365,10.029127299,0.000044252,36.156093,5.230305,16.798149,59.410770197
sort256M.data,89,3,8,1,8,256000000,102400,12800,32.086191987,3.285004833,6.834819594,6.413070985,10.540796231,0.000038852,36.835208,4.684184,18.319645,60.555840618
sort100.data,42,0,4,1,4,100,4000,1000,
sort100.data,42,1,4,1,4,100,4000,1000,
sort100.data,42,2,4,1,4,100,4000,1000,
sort100.data,42,3,4,1,4,100,4000,1000,
sort256M.data,82,0,4,1,4,256000000,102400,25600,2.551027462,3.108405241,19.143145629,7.223248964,10.374737684,0.002127299,10.452037,14.042294,17.959049,44.512167969
sort256M.data,82,1,4,1,4,256000000,102400,25600,5.728924127,3.281785212,22.836199154,6.000128432,19.104113418,0.000050682,20.051661,11.564808,28.006204,62.045055805
sort256M.data,82,2,4,1,4,256000000,102400,25600,2.482169393,3.218674045,19.661461104,14.087702805,5.079634286,0.000052592,9.836468,15.255305,21.972742,47.232262365
sort256M.data,82,3,4,1,4,256000000,102400,25600,3.897192984,3.298255236,17.670120035,10.816939777,4.566165794,0.000049942,10.848601,13.882621,17.242484,42.027676412
sort256M.data,5,0,2,1,2,256000000,102400,51200,1.66119578,2.942388598,41.281380983,0.056848258,22.520373405,0.000031551,11.483472,33.863074,25.209687,70.584505724
sort256M.data,5,1,2,1,2,256000000,102400,51200,2.12340784,2.90708562,40.669724161,0.33605823,21.544466851,0.000036601,11.56419,33.618839,25.60664,70.814655797
sort256M.data,5,2,2,1,2,256000000,102400,51200,1.406424789,2.944273464,41.040655626,0.049065383,24.134088312,0.000042122,11.472458,33.186887,25.232495,69.916913069
sort256M.data,5,3,2,1,2,256000000,102400,51200,1.350271501,2.95194603,40.677317658,0.038058814,22.592917565,0.000038061,11.127505,33.337416,26.385156,70.874791428
sort256M.data,96,0,16,1,16,256000000,102400,6400,22.231112988,4.3112763,15.465146725,1.091027946,28.22729429,0.000066923,39.700905,2.329483,28.188949,71.59909199
sort256M.data,96,1,16,1,16,256000000,102400,6400,22.382058708,4.081955495,15.580590325,0.592359836,29.982895947,0.000058332,39.781664,2.219914,29.880463,73.006177778
sort256M.data,96,2,16,1,16,256000000,102400,6400,21.808912274,4.062299833,14.677459004,0.805659587,26.064738135,0.000061922,38.088364,2.374543,26.329284,67.706867275
sort256M.data,96,3,16,1,16,256000000,102400,6400,19.598475382,4.025199083,15.657151962,2.114072199,21.578444036,0.000061362,36.696197,2.396692,23.140114,63.202069124
sort256M.data,103,0,32,1,32,256000000,102400,3200,22.618756501,12.012174936,11.02909232,4.927567873,51.998641732,0.000104037,45.025175,1.037261,56.251783,106.493646278
sort256M.data,103,1,32,1,32,256000000,102400,3200,16.138545417,11.435882298,17.201104614,6.875578653,9.852133521,0.000109344,43.838314,1.04549,18.962268,64.963017545
sort256M.data,103,2,32,1,32,256000000,102400,3200,15.486862609,11.271635322,20.246398135,3.408996988,18.288805366,0.000073131,45.994976,0.979878,20.629929,68.917504745
sort256M.data,103,3,32,1,32,256000000,102400,3200,15.728487724,11.281625465,21.66433504,10.162294196,4.368138836,0.000575417,47.667215,1.01882,19.092305,69.073163183
sort256M.data,138,0,32,1,32,256000000,102400,3200,15.628995284,11.757108479,18.3250733,0.139255184,25.786142296,0.001122489,44.94928,1.137057,24.391434,72.067817334
sort256M.data,138,1,32,1,32,256000000,102400,3200,18.223837546,11.623857812,23.157414995,1.9959974489999999,24.8671962,0.000053723,52.025482,1.160481,25.938633,80.276338801
sort256M.data,138,2,32,1,32,256000000,102400,3200,14.746006719,11.562012192,21.637053991,1.109900945,19.884741493,0.000059083,46.946409,1.153528,19.959202,69.331419748
sort256M.data,138,3,32,1,32,256000000,102400,3200,14.558241663,11.700300248,20.297437866,1.236543575,20.449214443,0.000114498,45.548859,1.111555,20.625849,68.632513842
sort256M.data,33,0,32,1,32,256000000,102400,3200,41.621304251,3.842428199,18.047825662,11.682599463,12.243699126,0.000116964,62.818291,0.96123,22.621563,87.803186372
sort256M.data,33,1,32,1,32,256000000,102400,3200,38.41916143,3.806425232,17.768740418,27.490470281,13.034219661,0.000094213,59.069587,0.927646,38.215873,100.741062603
sort256M.data,33,2,32,1,32,256000000,102400,3200,38.871201401,4.008781716,19.448891323,18.951556808,14.67060793,0.000106624,62.416864,0.962111,31.01425,97.279432398
sort256M.data,33,3,32,1,32,256000000,102400,3200,37.244014799,3.95465452,19.828809178,28.809542465,12.886708606,0.000852239,60.103695,0.97557,37.495022,103.027224066
sort256M.data,68,0,32,1,32,256000000,102400,3200,42.090142394,3.737031259,17.611268388,8.148448251,15.892948068,0.000080333,62.734778,0.952021,22.377521,87.787335419
sort256M.data,68,1,32,1,32,256000000,102400,3200,41.457530137,3.842223727,17.99223203,27.289616035,11.675898289,0.000081892,62.464291,0.914193,38.762404,102.888918204
sort256M.data,68,2,32,1,32,256000000,102400,3200,43.96423825,3.7725832649999997,15.140838275,21.2013383,11.824945591,0.000109504,61.891989,0.954049,32.567939,96.166482404
sort256M.data,68,3,32,1,32,256000000,102400,3200,41.299120269,3.8713082549999998,17.1771473,28.095896882,12.611534035,0.000088183,61.404896,0.947993,40.634966,103.69665675
sort256M.data,131,0,16,1,16,256000000,102400,6400,13.599233142,12.418610509,15.45300454,0.078146848,112.153887077,0.000396229,39.322391,2.324319,112.06704,157.401882127
sort256M.data,131,1,16,1,16,256000000,102400,6400,15.753878,12.541466176,16.618078341,5.339228864,15.701822484000001,0.000064982,42.651392,2.301524,23.65558,69.485093745
sort256M.data,131,2,16,1,16,256000000,102400,6400,14.88944514,12.382007894000001,23.578904121,0.217802668,25.479982484,0.000057626,48.40758,2.242225,25.181593,76.869556325
sort256M.data,131,3,16,1,16,256000000,102400,6400,15.481215423,12.303974708,23.413628998,2.794896146,20.170726709,0.000046989,48.890984,2.160338,22.503059,74.512742109
sort256M.data,61,0,16,1,16,256000000,102400,6400,67.825617567,3.967492155,12.599691643,9.307893552,7.823095368,0.000063673,82.208854,2.328393,18.882219,103.998009975
sort256M.data,61,1,16,1,16,256000000,102400,6400,45.567109645,3.456007168,14.332801572,11.344343219,13.110218444,0.000078483,60.57991,2.348484,25.094166,89.271430903
sort256M.data,61,2,16,1,16,256000000,102400,6400,47.452524403,3.578054702,6.14591831,6.096080118,11.757201923,0.000057982,54.464648,2.3653,20.310318,77.906767743
sort256M.data,61,3,16,1,16,256000000,102400,6400,37.6656617,3.450127796,12.734147752,6.171119536,13.614102108,0.000061662,51.110347,2.460401,19.773118,74.239435421
sort256M.data,124,0,8,1,8,256000000,102400,12800,7.694738189,14.081913374,15.427184903,3.471407845,62.516632491,0.000879063,32.34419,5.795032,68.012517,107.096952781
sort256M.data,124,1,8,1,8,256000000,102400,12800,22.449753619,13.868508493,18.138137101,4.113429476,19.521231181,0.000053253,47.888112,6.086251,23.941785,78.542177891
sort256M.data,124,2,8,1,8,256000000,102400,12800,12.085397756,16.322806721,20.119359974,10.544559298,13.804014848,0.000062819,42.553856,6.85334,24.967894,75.167890205
sort256M.data,124,3,8,1,8,256000000,102400,12800,19.807879143,13.374581907,13.518899684,1.449426941,59.467693603,0.000049203,40.157674,6.164723,67.444963,114.86002037
sort256M.data,110,0,2,1,2,256000000,102400,51200,3.072087036,3.08035959,46.94743958,0.327601981,38.239089218,0.000055412,7.831189,44.860282,41.655834,94.377516187
sort256M.data,110,1,2,1,2,256000000,102400,51200,3.98126964,3.265566171,43.478938262,0.804149772,33.587628069,0.000054272,7.235058,42.93907,38.497067,88.703606297
sort256M.data,110,2,2,1,2,256000000,102400,51200,3.020791095,3.105952038,45.116455149,4.784678903,17.083403597,0.000066662,7.377977,43.285986,25.549077,76.411720395
sort256M.data,110,3,2,1,2,256000000,102400,51200,2.765685048,3.408454985,52.004005611,0.430171042,37.765177043,0.000047942,14.353437,43.288139,42.294821,99.965675276
sort1G.data,125,0,8,1,8,1000000000,400000,50000,15.764732626,13.653580832,82.943995524,21.748452874,43.456086786,0.047483135,86.727262,26.55649,64.282482,178.561323701
sort1G.data,125,1,8,1,8,1000000000,400000,50000,156.218730783,12.782207053,49.619830431,11.9828468,42.632061049,0.000043392,193.579104,25.791665,54.723354,275.182301209
sort1G.data,125,2,8,1,8,1000000000,400000,50000,162.651189365,12.857426731,49.255468688,21.396351819,38.173376456,0.000049402,199.670745,25.826535,60.376357,286.979022416
sort1G.data,125,3,8,1,8,1000000000,400000,50000,161.610403032,12.603071897,48.555608165,11.435414207,41.222005435,0.000038281,197.53424,25.963295,53.570951,278.179560266
sort1G.data,90,0,8,1,8,1000000000,400000,50000,40.449875933,13.86495835,91.638403632,19.182137082,65.42913964,0.000051562,121.290449,25.113994,83.73949,231.491587429
sort1G.data,90,1,8,1,8,1000000000,400000,50000,161.952677015,13.103863465,47.386875503,1.097169408,165.177948383,0.000043182,197.270996,25.920042,165.695665,391.516354707
sort1G.data,90,2,8,1,8,1000000000,400000,50000,159.603433641,13.360894508,42.166065857,0.525534571,163.735311093,0.000045573,188.986386,26.913618,164.330326,382.730960835
sort1G.data,90,3,8,1,8,1000000000,400000,50000,162.619031389,13.92278238,42.25533024,4.534912662,128.088599764,0.000043702,194.0758,25.45021,134.257359,354.837721817
sort1G.data,69,0,32,1,32,1000000000,400000,12500,84.260288456,47.868944947,114.813029329,67.008726491,111.920733791,0.000072898,242.716475,5.317195,173.106714,427.961667554
sort1G.data,69,1,32,1,32,1000000000,400000,12500,83.34678571,47.071050752,101.990866816,43.846667666,69.296055859,0.000066258,228.004916,5.185968,111.53552,348.60190972
sort1G.data,69,2,32,1,32,1000000000,400000,12500,84.405759099,47.100834169,115.040034101,139.101157195,53.344648918,0.000070946,242.049088,5.179678,191.155384,441.977645688
sort1G.data,69,3,32,1,32,1000000000,400000,12500,86.641075283,46.188862882,105.34334352,159.384714265,41.103601795,0.000066322,233.554112,5.28857,200.413857,441.585395041
sort1G.data,139,0,32,1,32,1000000000,400000,12500,56.929574187,45.886585869,82.601219462,0.614732529,98.392453664,0.000067309,180.347813,6.013494,93.604046,285.500537899
sort1G.data,139,1,32,1,32,1000000000,400000,12500,58.61500392,45.946742746,46.450074461,0.180976655,521.563336701,0.00033386,145.659542,6.039133,492.646242,673.608366148
sort1G.data,139,2,32,1,32,1000000000,400000,12500,53.697594643,45.816468391,82.044877749,10.609334838,70.51913722,0.000292013,176.233217,6.093928,75.956903,263.593156321
sort1G.data,139,3,32,1,32,1000000000,400000,12500,60.018338084,45.004460146,46.353930528,0.177302605,518.879945128,0.000088774,145.845643,6.162666,491.61119,671.210289404
sort1G.data,34,0,32,1,32,1000000000,400000,12500,109.875311868,48.592530826,42.006664652,44.268891412,495.865247609,0.000085149,196.525007,5.296747,505.822723,742.365111039
sort1G.data,34,1,32,1,32,1000000000,400000,12500,87.022415788,47.659232536,131.86209324,136.679402577,57.257202593,0.000127218,262.02246,5.243602,172.677613,461.614159839
sort1G.data,34,2,32,1,32,1000000000,400000,12500,86.645631183,47.052024562,109.192692373,166.972988036,38.047062249,0.000122718,238.414199,5.183402,187.263582,451.68146377
sort1G.data,34,3,32,1,32,1000000000,400000,12500,91.486623494,45.744313669,119.213519719,31.635594605,65.444494876,0.000102122,251.89356,5.160839,102.044265,363.837726352
sort1G.data,104,0,32,1,32,1000000000,400000,12500,106.050764909,47.792080998,41.882801245,49.767542367,525.789699123,0.000069131,190.61677,6.376208,549.812054,772.763285234
sort1G.data,104,1,32,1,32,1000000000,400000,12500,97.597120691,47.681570182,61.574717878,34.177646349,513.055947028,0.000112333,201.334192,6.313753,514.935246,755.043365797
sort1G.data,104,2,32,1,32,1000000000,400000,12500,95.979467237,47.417525129,96.539143888,14.128990944,143.294938697,0.000069472,234.50103,6.334243,150.614909,400.143578103
sort1G.data,104,3,32,1,32,1000000000,400000,12500,89.65547315,46.688284173,90.665911714,6.828961937,106.028544117,0.000064537,221.563053,6.255973,110.030375,343.257919303
sort100.data,56,0,16,1,16,100,4000,250,
sort100.data,56,1,16,1,16,100,4000,250,
sort100.data,56,2,16,1,16,100,4000,250,
sort100.data,56,3,16,1,16,100,4000,250,
sort1M.data,37,0,2,1,2,1000000,4000,2000,
sort1M.data,37,1,2,1,2,1000000,4000,2000,
sort1M.data,37,2,2,1,2,1000000,4000,2000,
sort1M.data,37,3,2,1,2,1000000,4000,2000,
sort100.data,133,0,32,1,32,100,4000,125,
sort100.data,133,1,32,1,32,100,4000,125,
sort100.data,133,2,32,1,32,100,4000,125,
sort100.data,133,3,32,1,32,100,4000,125,
sort1K.data,134,0,32,1,32,1000,4000,125,
sort1K.data,134,1,32,1,32,1000,4000,125,
sort1K.data,134,2,32,1,32,1000,4000,125,
sort1K.data,134,3,32,1,32,1000,4000,125,
sort100.data,98,0,32,1,32,100,4000,125,
sort100.data,98,1,32,1,32,100,4000,125,
sort100.data,98,2,32,1,32,100,4000,125,
sort100.data,98,3,32,1,32,100,4000,125,
sort16M.data,66,0,32,1,32,16000000,6400,200,
sort16M.data,66,1,32,1,32,16000000,6400,200,
sort16M.data,66,2,32,1,32,16000000,6400,200,
sort16M.data,66,3,32,1,32,16000000,6400,200,
sort256M.data,19,0,8,1,8,256000000,102400,12800,
sort256M.data,19,1,8,1,8,256000000,102400,12800,
sort256M.data,19,2,8,1,8,256000000,102400,12800,
sort256M.data,19,3,8,1,8,256000000,102400,12800,
